place,latitude,longitude,timestamp,pm25,pm10,no2,so2,co,o3,temperature,humidity,wind_speed,road_count,industry_count,farmland_count,dump_count,hour,day,pollution_index,gas_ratio,pm_ratio,pollution_source
Delhi,28.6469,77.3153,2026-03-30 19:03:52.642990+05:30,304.09274360276123,50.683900036107325,8.067617411718622,113.06806304743202,113.59464081427815,106.2689264495009,23.253588441077795,23.392799475799954,5.879770195029867,304,7,0,0,19,0,362.8442610505872,0.0704013499618511,5.8837035012898875,Burning
Delhi,28.6469,77.3153,2026-03-30 18:53:52.646955+05:30,288.7267361894901,119.21289804282789,8.441119304226143,96.27843622036782,90.09865110959326,93.27838500595693,28.167679602702613,30.813751738810637,2.6500555806131576,304,7,0,0,18,0,416.38075353654415,0.0926591030867332,2.401794989474643,Burning
Delhi,28.6469,77.3153,2026-03-30 18:43:52.647005+05:30,287.74211795324027,81.36276654830621,0.0,81.86317936463922,25.431900948650338,112.29510769132358,23.189859477304545,23.23655061449047,4.33660939600586,304,7,0,0,18,0,369.1048845015465,0.0,3.4935946182001785,Burning
Delhi,28.6469,77.3153,2026-03-30 18:33:52.647039+05:30,295.4731007123062,21.484782817807464,22.452372899197496,79.67671425693129,95.95220045919213,79.20236753972476,30.294009016307903,23.949557071157777,3.6305451094057037,304,7,0,0,18,0,339.4102564293111,0.23158188048189643,13.141025337291577,Burning
Delhi,28.6469,77.3153,2026-03-30 18:23:52.647069+05:30,297.78251926222816,113.65276077236078,0.0,44.7131536872393,83.84714179162887,45.50221722505857,27.27128056604559,36.601426816389406,4.1581649911800955,304,7,0,0,18,0,411.4352800345889,0.0,2.5972555502040233,Burning
Delhi,28.6469,77.3153,2026-03-30 18:13:52.647099+05:30,290.00533277452416,25.32509561927762,0.0,57.02051771886909,107.09138482590474,75.87238019695641,24.191317088529622,24.58751912035865,1.4733042157019716,304,7,0,0,18,0,315.33042839380175,0.0,11.016306909903719,Natural
Delhi,28.6469,77.3153,2026-03-30 18:03:52.647128+05:30,308.8563897225856,41.41989809011774,0.35343485953929843,54.88144149076017,22.433937060638335,100.92892859609216,24.11509205034234,25.07562512115321,1.7185972316443643,304,7,0,0,18,0,350.6297226722426,0.015082180114452818,7.280931912340866,Burning
Delhi,28.6469,77.3153,2026-03-30 17:53:52.647163+05:30,295.4630851641324,63.18495191338071,0.4669446877831689,80.323192074253,51.426000614239946,38.02144395405591,30.03669933101366,19.763930267379504,3.808615538097968,304,7,0,0,17,0,359.11498176529625,0.00890673868523813,4.603307727999355,Burning
Delhi,28.6469,77.3153,2026-03-30 17:43:52.647192+05:30,296.20124342743514,117.49996136282252,11.136397686101812,47.5774709593051,105.81061953499888,74.61848300647651,25.25522071433265,18.372749905827007,0.8315408177195889,304,7,0,0,17,0,424.83760247635945,0.10426301930074212,2.4995893671266933,Burning
Delhi,28.6469,77.3153,2026-03-30 17:33:52.647221+05:30,311.5234444403922,102.98284284864505,18.44051728581458,26.50834297102094,42.53162385898433,98.3165787606405,26.260012258740428,29.815945828774147,2.6805234176346375,304,7,0,0,17,0,432.9468045748518,0.4236119779393138,2.9959119784197314,Natural
Delhi,28.6469,77.3153,2026-03-30 17:23:52.647250+05:30,308.72390385204164,66.28434333586281,14.434529131212834,38.083789933606965,27.520979857489774,118.30838500601757,28.722144941304975,36.694806247576864,1.0193857558756347,304,7,0,0,17,0,389.4427763191173,0.5061021466772028,4.588346835919711,Burning
Delhi,28.6469,77.3153,2026-03-30 17:13:52.647279+05:30,305.5779994801765,73.36325609848424,17.55758562049046,32.547173883343646,69.34989807139743,72.02821728041584,28.14186756539035,27.202628733105108,4.698691057130414,304,7,0,0,17,0,396.4988411991512,0.24957513943618562,4.10926061488592,Burning
Delhi,28.6469,77.3153,2026-03-30 17:03:52.647308+05:30,311.793574750148,52.547797026401895,21.109115515993444,70.69212289137776,31.074350320418837,29.688251341650243,24.26693255765582,35.01656071408816,4.849061275428594,304,7,0,0,17,0,385.45048729254336,0.6581307276722977,5.822715257481411,Burning
Delhi,28.6469,77.3153,2026-03-30 16:53:52.647338+05:30,301.4475127090619,51.41191061173012,0.0,46.90016562535145,87.93385286121996,100.79675095234641,29.40248725009565,18.53701331468845,1.4890966915973798,304,7,0,0,16,0,352.8594233207921,0.0,5.7515078002440925,Burning
Delhi,28.6469,77.3153,2026-03-30 16:43:52.647367+05:30,302.11724194903155,46.65435368168154,11.071566106956665,90.15694398703461,68.41696406528393,52.169676548659034,23.69069233420107,24.24168653615815,4.755522951689432,304,7,0,0,16,0,359.84316173766973,0.15949366636870335,6.3397616085005515,Burning
Delhi,28.6469,77.3153,2026-03-30 16:33:52.647397+05:30,286.1041554275011,107.0461462451153,21.74443183892586,47.777204173535466,41.00143815214365,69.6375786539751,29.117417430350592,25.095157526869514,3.594966889189259,304,7,0,0,16,0,414.8947335115422,0.5177068404219887,2.6479811207559445,Burning
Delhi,28.6469,77.3153,2026-03-30 16:23:52.647425+05:30,300.1050520523555,90.27779094967752,0.0,44.67837441202062,70.34295931713018,57.939328194599085,26.292892067644217,25.45421385122348,2.4280452664696415,304,7,0,0,16,0,390.38284300203304,0.0,3.2878211548503273,Burning
Delhi,28.6469,77.3153,2026-03-30 16:13:52.647457+05:30,293.96696797400585,27.833741492762115,9.453238489001432,64.43657798104992,32.01894508915239,100.85795356928584,29.872385027295728,24.964280006706716,2.79817436832439,304,7,0,0,16,0,331.2539479557694,0.286297410879643,10.195241850517313,Burning
Delhi,28.6469,77.3153,2026-03-30 16:03:52.647486+05:30,299.40390387161403,65.66413139427709,0.0,36.07580921828651,106.77987451038285,32.19473821632416,28.17417054651489,34.446316019671464,4.738805757472337,304,7,0,0,16,0,365.0680352658911,0.0,4.491229355420911,Natural
Delhi,28.6469,77.3153,2026-03-30 15:53:52.647514+05:30,307.9042468426376,32.53012694715183,21.36123524471306,117.73913880710661,71.87226031764416,82.74546469940717,28.98722119582046,20.22080163427737,4.411870188846203,304,7,0,0,15,0,361.79560903450243,0.29313260150846426,9.182913244794383,Natural
Delhi,28.6469,77.3153,2026-03-30 15:43:52.647543+05:30,300.5606677721195,93.6607287072146,0.0,118.89850112380412,88.55716133024687,79.34284344052227,31.88148275013392,27.878510059683716,2.325657112189302,304,7,0,0,15,0,394.2213964793341,0.0,3.175135791546174,Burning
Delhi,28.6469,77.3153,2026-03-30 15:33:52.647572+05:30,312.85119683038573,66.59563358108011,1.4147105803859112,20.778618658384467,49.00261846119192,39.46829079117786,25.6335944325157,24.902178193235937,1.1184095042066016,304,7,0,0,15,0,380.86154099185177,0.028292729939411027,4.628275234007899,Burning
Delhi,28.6469,77.3153,2026-03-30 15:23:52.647600+05:30,313.27014235308224,101.11461943448776,0.0,41.82004959646127,22.842091424450178,20.991032759714592,25.04091696567613,35.4813771733706,5.009119998270787,304,7,0,0,15,0,414.38476178757,0.0,3.067828525317695,Burning
Delhi,28.6469,77.3153,2026-03-30 15:13:52.647629+05:30,300.9815551571326,67.64493681688627,23.287442219313355,118.73498588213643,116.25794625444072,99.06633881368248,26.70034302821533,27.538537619026272,5.976871916250765,304,7,0,0,15,0,391.91393419333224,0.19860012018956394,4.384614060611865,Burning
Delhi,28.6469,77.3153,2026-03-30 15:03:52.647658+05:30,301.95925039647926,21.061603850914018,4.445427528794109,64.17742886238854,33.856442436379446,44.095277600573596,30.129871137767257,37.38402893601734,5.993071472573394,304,7,0,0,15,0,327.4662817761874,0.12753531967319892,13.687094212960814,Burning
Delhi,28.6469,77.3153,2026-03-30 14:53:52.647688+05:30,296.197414446505,75.60507994202283,2.029212187224008,64.39361229518278,59.56212444256425,87.08939324123996,32.09470965544254,31.616502127101068,4.252078851021325,304,7,0,0,14,0,373.8317065757518,0.03350629136447265,3.8665505560555076,Burning
Delhi,28.6469,77.3153,2026-03-30 14:43:52.647716+05:30,301.16082602420744,57.176593019806845,25.796959305313624,25.89351723682644,35.45024121761608,96.60861087927344,24.342832453921076,28.87950842295764,1.6452404319874825,304,7,0,0,14,0,384.1343783493279,0.7077308254642272,5.176666600632217,Natural
Delhi,28.6469,77.3153,2026-03-30 14:33:52.647748+05:30,307.2573350927315,76.95277370330311,8.552227787048285,33.26079360059343,28.338154140255305,99.18827402522781,31.317776426102757,21.445635820345935,5.087516432860964,304,7,0,0,14,0,392.76233658308297,0.2915053123711573,3.9415830957110902,Burning
Delhi,28.6469,77.3153,2026-03-30 14:23:52.647777+05:30,289.72037746984284,71.57275613962139,1.2314742394334601,66.18187666152913,68.70426909646432,114.57185422834617,31.93805780828941,27.812936865527085,0.8640969883612835,304,7,0,0,14,0,362.5246078488977,0.017667127930560647,3.9921368965573683,Burning
Delhi,28.6469,77.3153,2026-03-30 14:13:52.647806+05:30,294.4945130261351,77.19778194262202,12.251242079789323,48.63950944499095,99.05795741327218,40.75696823142469,26.79946524024081,35.51066464425938,0.15380917737326927,304,7,0,0,14,0,383.94353704854643,0.12244145689670313,3.7660213078961986,Burning
Delhi,28.6469,77.3153,2026-03-30 14:03:52.647835+05:30,314.6874167621439,39.70578031346223,11.359988754616506,111.91633417264536,71.28267784852711,109.32713835484356,29.622622728658556,28.797149884321755,1.4302996454906043,304,7,0,0,14,0,365.75318583022266,0.1571605963246419,7.7307796175097625,Burning
Delhi,28.6469,77.3153,2026-03-30 13:53:52.647864+05:30,299.2627821720376,27.676158512134833,8.55017587578007,66.75207575993974,109.39805823800899,20.601588687836486,25.72441662439713,37.81276671454026,3.7659705312171403,304,7,0,0,13,0,335.48911655995244,0.07744860745056407,10.4359439234303,Burning
Delhi,28.6469,77.3153,2026-03-30 13:43:52.647893+05:30,299.33092768017355,105.09681880866212,0.0,77.86946479406399,100.28220271704093,100.88445238324461,31.139631315000358,20.212671002670223,5.428965128221854,304,7,0,0,13,0,404.4277464888357,0.0,2.821299743397538,Burning
Delhi,28.6469,77.3153,2026-03-30 13:33:52.647941+05:30,291.1312902061542,91.27701063995792,5.7708715487746804,30.524229128804496,56.444934409810934,23.96844784242595,28.94845543178103,26.774325856235546,4.732977085299893,304,7,0,0,13,0,388.17917239488673,0.10045918944924553,3.1549709747542267,Burning
Delhi,28.6469,77.3153,2026-03-30 13:23:52.647970+05:30,301.13667933742624,76.50843750117065,14.065898494823266,99.47694323272917,27.46373581991181,75.33991520230245,27.657558968861583,19.79696014167432,0.354948999276409,304,7,0,0,13,0,391.71101533342016,0.4941690923432287,3.885211585291963,Natural
Delhi,28.6469,77.3153,2026-03-30 13:13:52.647999+05:30,286.54728554128855,29.666795376570157,7.30340430526779,28.90401817240202,61.58938021661551,106.46952018028065,25.086166973797756,35.94128110210564,2.6241835954757056,304,7,0,0,13,0,323.5174852231265,0.11668759588274316,9.343894007269325,Natural
Delhi,28.6469,77.3153,2026-03-30 13:03:52.648028+05:30,298.27192118619405,81.57423152478941,21.262832034230634,59.056996421497416,109.58552991788588,69.08343977967874,27.73004870396067,27.374961019195,4.701018305681961,304,7,0,0,13,0,401.1089847452141,0.19227499339216556,3.6121670850385152,Burning
Delhi,28.6469,77.3153,2026-03-30 12:53:52.648058+05:30,287.1321462949899,102.89861213344943,9.543038111587384,32.86984426252147,26.406332979120844,94.17602988431933,28.960571448198937,25.42729846522569,0.7453011682598012,304,7,0,0,12,0,399.57379654002676,0.3482055814930667,2.7635801903320107,Burning
Delhi,28.6469,77.3153,2026-03-30 12:43:52.648087+05:30,314.690854648567,50.04068128274075,19.582153992397288,113.16193512636382,56.26713969796048,50.12350341421916,26.971103652643336,22.281805729017716,0.16010067707342213,304,7,0,0,12,0,384.31368992370506,0.34194398560287603,6.165490873942914,Burning
Delhi,28.6469,77.3153,2026-03-30 12:33:52.648116+05:30,306.6236905817999,50.10736328695428,20.953243347193503,55.26401318836779,30.4642478157417,95.87041057908228,30.077281600559143,27.22311812426668,0.9528787201084166,304,7,0,0,12,0,377.6842972159477,0.6659381616207111,5.999599096126115,Burning
Delhi,28.6469,77.3153,2026-03-30 12:23:52.648145+05:30,300.8079055861592,83.01279254206875,23.140689802412833,53.48781417632017,48.66181876776336,34.86238325866981,25.300341950152795,24.70832483114534,4.327634293163474,304,7,0,0,12,0,406.9613879306408,0.46596541118695384,3.5805012127829463,Burning
Delhi,28.6469,77.3153,2026-03-30 12:13:52.648174+05:30,306.8492267653984,31.336104955265803,6.9218402300134,71.58272556315735,107.18909065263901,36.027370584365656,23.921875338818367,23.55113950341879,5.094349698768468,304,7,0,0,12,0,345.1071719506776,0.06397909612011846,9.489368839874118,Burning
Delhi,28.6469,77.3153,2026-03-30 12:03:52.648204+05:30,312.16280179333484,70.15631559673155,2.269049351276376,93.63781993026615,106.22148969005725,51.45462694649666,25.169284583032958,35.259432722453695,3.1539006200567075,304,7,0,0,12,0,384.5881667413427,0.02116226288065448,4.387000636211602,Natural
Delhi,28.6469,77.3153,2026-03-30 11:53:52.648232+05:30,286.4062601567206,28.091647305673455,0.0,22.097127369817176,105.83268346387486,43.90045136336898,30.785135885970796,19.168760148268273,2.843856066579147,304,7,0,0,11,0,314.49790746239404,0.0,9.844965365741444,Natural
Delhi,28.6469,77.3153,2026-03-30 11:43:52.648261+05:30,292.9596746846812,28.16985893456885,10.448946008985013,86.24279424584442,78.03283557205032,88.01947339359408,27.412016928980584,37.90038473668032,3.3570735420695392,304,7,0,0,11,0,331.5784796282351,0.13221018749174485,10.043232479862912,Burning
Delhi,28.6469,77.3153,2026-03-30 11:33:52.648289+05:30,305.7726776888169,92.57051637185631,0.0,26.090631315185046,58.038129288429836,87.42863734684062,24.820799746832215,23.64677378860186,3.6817545998101555,304,7,0,0,11,0,398.3431940606732,0.0,3.267831465989277,Burning
Delhi,28.6469,77.3153,2026-03-30 11:23:52.648318+05:30,285.92334788739123,82.91361613826948,20.048310374845034,72.03401850120979,32.21122897652314,111.19365704721528,22.936580485798487,22.05739935090154,2.836976480971497,304,7,0,0,11,0,388.8852744005057,0.6036605989202354,3.407353431369925,Natural
Delhi,28.6469,77.3153,2026-03-30 11:13:52.648346+05:30,300.00932522193233,108.66458767369119,9.65680652910011,84.08675913245226,48.77879055666736,79.36197715023111,22.888142626693913,32.30301192093407,0.7474430017760478,304,7,0,0,11,0,418.3307194247236,0.19399439843977245,2.735699204146147,Burning
Delhi,28.6469,77.3153,2026-03-30 11:03:52.648375+05:30,310.2636548799034,114.36096798518943,0.0,100.74493136890489,39.91665125310567,84.10337415899362,25.1666921294812,23.86604619904618,3.417235313356861,304,7,0,0,11,0,424.6246228650929,0.0,2.6895028734479456,Burning
Delhi,28.6469,77.3153,2026-03-30 10:53:52.648403+05:30,314.8625695305376,110.22200973486447,24.141888793606103,105.06121311813733,53.65974940802585,71.77342147384961,26.147132804980416,20.34496830072348,4.563989501784665,304,7,0,0,10,0,449.22646805900814,0.44167580450087607,2.830937602018879,Burning
Delhi,28.6469,77.3153,2026-03-30 10:43:52.648432+05:30,290.3519184625641,96.64251000597058,21.583103967741867,78.73614634585763,117.63596081945128,21.899174295809313,27.674486389226537,33.171517481787575,1.8093545277804859,304,7,0,0,10,0,408.5775324362765,0.18192716456849523,2.973622026357268,Natural
Delhi,28.6469,77.3153,2026-03-30 10:33:52.648460+05:30,307.0435399818965,105.4031117338534,2.675371272835484,114.10720081166856,108.43152286580728,72.02206480403393,22.676190380694322,19.5760421541673,4.902157732526179,304,7,0,0,10,0,415.1220229885854,0.02444790315233221,2.8856631632156207,Natural
Delhi,28.6469,77.3153,2026-03-30 10:23:52.648489+05:30,290.1812023757957,49.512371871056615,18.111453716570463,33.88663573788269,24.889460172888995,72.58798223204768,23.672090487988815,29.11092876792064,3.513612084693855,304,7,0,0,10,0,357.8050279634228,0.6995686119224869,5.744755029847814,Natural
Delhi,28.6469,77.3153,2026-03-30 10:13:52.648518+05:30,302.0844417977721,83.31878771275353,23.97478291578012,78.70352837181402,41.02323971928159,90.71760370584626,24.502329471554958,32.888018193262695,0.7470065715074745,304,7,0,0,10,0,409.37801242630576,0.5705124848996288,3.5826468808692407,Burning
Delhi,28.6469,77.3153,2026-03-30 10:03:52.648546+05:30,307.85497800967187,87.57763224722927,6.823692411031281,36.88138742682257,101.71742815101524,91.5265011097911,26.818064169516468,21.92265008783329,5.9307160440275,304,7,0,0,10,0,402.25630266793246,0.06643169064746329,3.4755385778479266,Burning
Delhi,28.6469,77.3153,2026-03-30 09:53:52.648574+05:30,297.68453710230915,62.48079546569359,14.742542695405085,89.31064573912955,45.217655106315604,40.07160182445669,28.82293776756731,26.92606968125765,2.754742986605011,304,7,0,0,9,0,374.9078752634078,0.31898075879212073,4.689363687371945,Burning
Delhi,28.6469,77.3153,2026-03-30 09:43:52.648603+05:30,292.22075162215606,40.88569845062169,22.11670594562606,101.21473479687376,96.1275028452617,84.65438765857496,28.125695965547248,22.212967639455474,2.836701148170175,304,7,0,0,9,0,355.2231560184038,0.22770796425046777,6.976623583504282,Burning
Delhi,28.6469,77.3153,2026-03-30 09:33:52.648631+05:30,309.08733972866554,22.84688784710384,6.680710280393088,71.76652570885088,58.46763712032668,83.60766530763289,28.656744300962373,29.233634165989535,0.6924798133758179,304,7,0,0,9,0,338.6149378561625,0.11234194940140894,12.961328191351544,Burning
Delhi,28.6469,77.3153,2026-03-30 09:23:52.648660+05:30,303.014002129122,45.7064390236192,9.723829413249359,83.53197811275638,38.18408397314259,39.867235215917816,30.329891070766678,37.75171797141681,4.8218717866507905,304,7,0,0,9,0,358.4442705659905,0.2481576300192249,6.487628011544392,Burning
Delhi,28.6469,77.3153,2026-03-30 09:13:52.648688+05:30,298.4324026216179,61.13994613242906,17.549111776484068,111.0727972086682,24.996263194401507,39.18959516397529,27.11755646135164,36.41435521828118,5.042065139535559,304,7,0,0,9,0,377.12146053053107,0.6750628598137675,4.802585473531245,Natural
Delhi,28.6469,77.3153,2026-03-30 09:03:52.648717+05:30,304.19338049912824,53.55964099302356,17.337330485295382,83.34582210044294,118.9798125520852,80.3544404299824,26.076202020775618,28.801746747029533,5.996456253119245,304,7,0,0,9,0,375.0903519774472,0.14450206344312266,5.575428557860652,Burning
Delhi,28.6469,77.3153,2026-03-30 08:53:52.648745+05:30,289.5485339020578,24.91683603986912,14.665459421185574,46.72779668035218,97.14505041199814,74.6288337193688,22.418810597241098,33.24240777700753,3.743060278548563,304,7,0,0,8,0,329.13082936311247,0.1494263781986171,11.172217683386632,Natural
Delhi,28.6469,77.3153,2026-03-30 08:43:52.648774+05:30,285.342594141766,66.63126165726212,18.558971280827357,82.4660067247392,100.28662307277442,51.604081059599196,26.10701490780599,35.16885805095983,5.54499998940925,304,7,0,0,8,0,370.53282707985545,0.18323220498221904,4.219093170075831,Burning
Delhi,28.6469,77.3153,2026-03-30 08:33:52.648802+05:30,307.3463575905891,116.14115147662609,2.434521778673952,108.32808652060935,56.362025698526104,101.18828407811456,28.70668094958349,30.58361214910957,5.664732754720378,304,7,0,0,8,0,425.92203084588914,0.042441349464694834,2.623726621399277,Burning
Delhi,28.6469,77.3153,2026-03-30 08:23:52.648830+05:30,292.16513338510714,103.07049930195474,11.258677413105405,25.60027339915029,82.24017957295982,96.92812255177904,29.763103346271887,21.094881279831526,0.1862245036296284,304,7,0,0,8,0,406.4943101001673,0.13525532346115618,2.807377069820779,Natural
Delhi,28.6469,77.3153,2026-03-30 08:13:52.648861+05:30,314.24569732856776,70.85649982083791,0.0,112.71180438286258,48.53080569559371,41.53701008143268,25.16068695045078,20.133631877922717,3.010656258944529,304,7,0,0,8,0,385.1021971494057,0.0,4.373239694559108,Burning
Delhi,28.6469,77.3153,2026-03-30 08:03:52.648889+05:30,298.18641771321813,86.09832780515075,19.608638368245384,31.374197653763417,23.804206130868582,84.35115604528028,31.96982841817536,26.286226248042993,5.961001032504418,304,7,0,0,8,0,403.8933838866143,0.7905368252782996,3.4235607643386263,Burning
Delhi,28.6469,77.3153,2026-03-30 07:53:52.648918+05:30,304.0406890519123,33.26566213307002,3.446339221375343,112.58596279870585,113.24901018926211,20.06468276066338,22.62555980422436,20.699353965623885,4.590119139797968,304,7,0,0,7,0,340.75269040635766,0.030165156054010638,8.87304286930678,Natural
Delhi,28.6469,77.3153,2026-03-30 07:43:52.648946+05:30,295.2693700197227,67.8409743501517,20.72189191756263,34.96780881807296,78.47400112880206,41.30575878206925,22.344777061600446,19.204694102495846,4.736141390625217,304,7,0,0,7,0,383.832236287437,0.2607379976248967,4.289151523595076,Natural
Delhi,28.6469,77.3153,2026-03-30 07:33:52.648975+05:30,303.90506282508,24.18584187056924,17.504862813585337,115.95376795581164,57.77763573596013,69.56378878963264,22.95136341258613,19.53017460039469,2.7195181596756166,304,7,0,0,7,0,345.5957675092346,0.29781502087325146,12.06650404567998,Burning
Delhi,28.6469,77.3153,2026-03-30 07:23:52.649004+05:30,289.31310998124496,34.305422056552075,9.39341026813818,79.23815474416776,35.7792178898616,101.65405901928186,23.408239317213017,33.41609499613485,0.6909911364014598,304,7,0,0,7,0,333.0119423059352,0.25539994613989675,8.194580127602624,Burning
Delhi,28.6469,77.3153,2026-03-30 07:13:52.649032+05:30,309.87598154191295,61.51643114424544,6.351691119402254,108.44133061840846,86.7994326074119,63.92337689709754,23.24091201459074,19.97454544003444,3.060648516899342,304,7,0,0,7,0,377.7441038055606,0.07234319096119139,4.956712593316944,Burning
Delhi,28.6469,77.3153,2026-03-30 07:03:52.649061+05:30,311.11811510669986,75.93176240571003,12.928935200664593,73.00482876413247,106.00715434255652,97.21299197028186,26.25672928580882,22.633751195985113,3.0938213037001465,304,7,0,0,7,0,399.9788127130745,0.1208230915035443,4.044078874288314,Burning
Delhi,28.6469,77.3153,2026-03-30 06:53:52.649089+05:30,292.44360417144856,107.09111829225331,14.667381067165177,111.0513954850994,26.85878303631243,82.41057126664484,24.641323083930608,29.986322933204974,5.078690897681161,304,7,0,0,6,0,414.2021035308671,0.5264903728223531,2.705528528077107,Natural
Delhi,28.6469,77.3153,2026-03-30 06:43:52.649118+05:30,312.7455129761264,109.47629053368796,11.036556336533469,93.99767164443958,83.24573547853993,82.30626591999483,22.170824876378536,21.456486389530767,5.807052070163364,304,7,0,0,6,0,433.25835984634784,0.13100433243110365,2.8308835449245984,Burning
Delhi,28.6469,77.3153,2026-03-30 06:33:52.649146+05:30,291.67101290000164,110.31742457246303,23.17316625923223,37.32854131741575,55.294825955450804,49.16648660006993,26.319205373993483,28.832116017835,2.322332374239163,304,7,0,0,6,0,425.1616037316969,0.4116393623380314,2.6201739217397715,Burning
Delhi,28.6469,77.3153,2026-03-30 06:23:52.649175+05:30,296.6236275920066,89.36277677162175,0.0,75.85743155052262,29.21523135614858,37.224363852761414,32.041306962522576,36.624435636810844,5.816024793878952,304,7,0,0,6,0,385.98640436362837,0.0,3.28258646081315,Burning
Delhi,28.6469,77.3153,2026-03-30 06:13:52.649206+05:30,304.12235025241466,36.22700800971391,19.32836153795041,92.35026940825965,112.88288287433708,44.68753320263261,27.168242294316475,19.101938310096727,4.480516750029519,304,7,0,0,6,0,359.677719800079,0.16972139315508983,8.169400833208455,Burning
Delhi,28.6469,77.3153,2026-03-30 06:03:52.649235+05:30,298.3944892631567,28.65599247622758,22.60779956953188,91.17254078234986,98.21772298142302,24.241593920528054,23.329888158036553,25.05856236601944,3.990443124326754,304,7,0,0,6,0,349.6582813089162,0.22786049598986302,10.061861510868384,Burning
Delhi,28.6469,77.3153,2026-03-30 05:53:52.649263+05:30,289.1906743215214,55.35620831879982,1.7150738290542602,27.70744829554649,83.41245928083873,51.29805995828134,27.741150750935585,19.227702008582582,2.711804655666428,304,7,0,0,5,0,346.26195646937543,0.020317780617529937,5.131478553092268,Burning
Bangalore,13.0358,77.597,2026-03-30 19:03:59.770481+05:30,53.66870698296685,70.98414943325656,19.75082110316165,0.0,569.7401074876863,102.0214826192972,34.49797318526656,40.92022432554769,4.696908936510601,1351,7,4,0,19,0,144.40367751938507,0.03460563020549204,0.7455628413409021,Agricultural
Bangalore,13.0358,77.597,2026-03-30 18:53:59.770609+05:30,36.98674249163638,29.996988985034093,0.0,9.726913112528909,569.5360879068476,61.419586255096,32.97689356703055,38.71057692487106,9.335799875656448,1351,7,4,0,18,0,66.98373147667047,0.0,1.1932366240312646,Agricultural
Bangalore,13.0358,77.597,2026-03-30 18:43:59.770649+05:30,59.23133009121913,60.355319470661875,19.173534116271856,3.8199713124685664,570.9073960209597,116.83456313882309,25.79086592424555,34.452479501734025,6.397915576169149,1351,7,4,0,18,0,138.76018367815286,0.03352559216696888,0.9653821478273229,Agricultural
Bangalore,13.0358,77.597,2026-03-30 18:33:59.770687+05:30,36.15924398164154,45.5559781197399,0.0,5.994727630515796,570.5707859959309,89.32071781116808,29.976806616876956,31.63534176156916,8.53736212349816,1351,7,4,0,18,0,81.71522210138144,0.0,0.7766831552468209,Agricultural
Bangalore,13.0358,77.597,2026-03-30 18:23:59.770720+05:30,34.626281617171685,79.42359582705942,19.37076765420593,0.0,570.491421418904,32.463809885761194,28.47556599378597,32.02148370854721,10.333589814548553,1351,7,4,0,18,0,133.42064509843703,0.03389511535643355,0.4305487868464753,Agricultural
Bangalore,13.0358,77.597,2026-03-30 18:13:59.770843+05:30,54.453845458456925,106.43700410705958,0.0,8.379057602149409,569.5788235956048,74.45940272110533,25.362582363401327,35.57231871503324,4.9376019608836454,1351,7,4,0,18,0,160.8908495655165,0.0,0.5068444146506019,Agricultural
Bangalore,13.0358,77.597,2026-03-30 18:03:59.770916+05:30,42.613657658186455,45.28215140639183,1.7725872246423258,2.5624725146068927,570.4058549936913,92.07075231749425,28.375568113918266,45.68814851083967,9.696298665976869,1351,7,4,0,18,0,89.66839628922061,0.003102150965292255,0.9207363176358578,Natural
Bangalore,13.0358,77.597,2026-03-30 17:53:59.770985+05:30,43.425561436363665,37.42796044540154,13.906554732619743,1.3655387414836122,570.165336971237,44.59387896493638,29.46684157500902,35.165831615621194,5.7008601444219265,1351,7,4,0,17,0,94.76007661438494,0.024347686794795907,1.1300511641272952,Natural
Bangalore,13.0358,77.597,2026-03-30 17:43:59.771059+05:30,37.19267539963252,34.46307807990571,4.745347741637511,0.0,570.6967379936427,40.07334478274237,30.33208568896447,35.81062527877157,6.434274320464214,1351,7,4,0,17,0,76.40110122117575,0.008300463211126945,1.0487717765454443,Natural
Bangalore,13.0358,77.597,2026-03-30 17:33:59.771145+05:30,55.927495802045904,100.88798469609696,12.63168375911832,6.658934469442976,569.5439144438903,26.374719516377127,25.41731878513256,42.96616937083406,5.962719992887434,1351,7,4,0,17,0,169.4471642572612,0.02213972218322657,0.5489115911838064,Agricultural
Bangalore,13.0358,77.597,2026-03-30 17:23:59.771239+05:30,40.993310262862835,66.78387739720934,19.087960405240356,0.0,569.0862749463497,94.99904425451324,25.880346950476262,33.397214312319385,9.613913682423545,1351,7,4,0,17,0,126.86514806531252,0.0334825819250546,0.6047649063013106,Natural
Bangalore,13.0358,77.597,2026-03-30 17:13:59.771329+05:30,44.64842371535792,36.40828053121665,0.0,1.5429282380284741,569.5661738894185,26.168095167414034,26.861995782972677,38.01842792864316,9.012687706758992,1351,7,4,0,17,0,81.05670424657457,0.0,1.1935438646558343,Natural
Bangalore,13.0358,77.597,2026-03-30 17:03:59.771373+05:30,33.18718378919137,63.14430170556059,5.97390276654885,0.0,570.2003690351341,64.73180360758192,29.4680665364305,45.31015803961512,8.937713918820243,1351,7,4,0,17,0,102.30538826130082,0.010458506489832816,0.5173831954945799,Agricultural
Bangalore,13.0358,77.597,2026-03-30 16:53:59.771416+05:30,47.36986102124463,37.442237302947206,13.353241216538766,0.0,570.5062723361511,39.20062928245571,29.09180827747208,37.09179414283091,8.40748397461904,1351,7,4,0,16,0,98.1653395407306,0.023364995036632943,1.2322347590735303,Natural
Bangalore,13.0358,77.597,2026-03-30 16:43:59.771451+05:30,45.1061937300354,83.75369410722061,11.957287498370121,9.123917310681097,570.0758443493886,115.29096608132501,30.578177856447756,32.5761698996508,6.0221619553278725,1351,7,4,0,16,0,140.81717533562613,0.020938177681097226,0.5322032768621535,Agricultural
Bangalore,13.0358,77.597,2026-03-30 16:33:59.771487+05:30,57.102201925927375,77.97017615139308,13.413432654603962,0.0,569.0398780398187,64.4003992285027,33.19549072269634,39.06417426873121,9.825642132809644,1351,7,4,0,16,0,148.4858107319244,0.023530691748669202,0.7230856597870216,Agricultural
Bangalore,13.0358,77.597,2026-03-30 16:23:59.771520+05:30,31.730457177105237,82.90097415148145,12.603712700273555,0.0,570.9669863833095,29.913933787602637,33.21217120606201,29.2127589861029,8.904452749733377,1351,7,4,0,16,0,127.23514402886025,0.02203573457966514,0.37818937739407604,Agricultural
Bangalore,13.0358,77.597,2026-03-30 16:13:59.771557+05:30,34.871774538169845,21.85789763563009,0.30479596073556436,0.0,570.2969149882648,109.45972388519489,27.11860163970695,33.26879293442659,4.614906343983634,1351,7,4,0,16,0,57.0344681345355,0.0005335158526837577,1.5255897586929843,Natural
Bangalore,13.0358,77.597,2026-03-30 16:03:59.771590+05:30,60.61587471062205,63.47223747794736,5.417422933464431,0.0,570.9233007555904,65.65485430349929,34.89057729332176,28.974203288596136,8.942392883754987,1351,7,4,0,16,0,129.50553512203385,0.00947228924981245,0.9401856842855133,Agricultural
Bangalore,13.0358,77.597,2026-03-30 15:53:59.771626+05:30,44.130041685275735,99.2837644435705,1.3761262327113046,0.0,569.6763124471869,67.7965534125991,31.744290548332394,38.85597077213175,7.625601492535752,1351,7,4,0,15,0,144.78993236155753,0.002411395396472949,0.440051706576169,Agricultural
Bangalore,13.0358,77.597,2026-03-30 15:43:59.771663+05:30,52.55855371233298,101.47951116697439,19.350704822477116,0.0,570.0632699748301,52.99203354100187,26.884411277665222,47.48338454688863,5.773201260581722,1351,7,4,0,15,0,173.3887697017845,0.03388539561182075,0.5128688955853528,Natural
Bangalore,13.0358,77.597,2026-03-30 15:33:59.771697+05:30,48.706286184948695,48.45549102696325,13.311564654239024,0.0,569.8802370440615,26.84789666711263,35.019052707549285,44.099262576090545,9.90145816987712,1351,7,4,0,15,0,110.47334186615097,0.023317613380985924,0.9848509270364723,Agricultural
Bangalore,13.0358,77.597,2026-03-30 15:23:59.771736+05:30,56.98931797281696,88.33356186095742,0.0,0.0,569.2050191567317,107.0036886525129,27.388004840954103,41.6382994030205,10.002632078762916,1351,7,4,0,15,0,145.32287983377438,0.0,0.6379384946221844,Agricultural
Bangalore,13.0358,77.597,2026-03-30 15:13:59.771774+05:30,55.81068945874091,118.84967946706031,0.0,0.0,570.5299328844382,97.47751488146467,26.94125329283521,29.77158505559178,7.509087047080891,1351,7,4,0,15,0,174.6603689258012,0.0,0.46567241320057107,Agricultural
Bangalore,13.0358,77.597,2026-03-30 15:03:59.771810+05:30,44.334542979533396,41.7267155069107,5.205736465406517,11.20082486614983,570.3452640536269,98.77318783955883,26.434804334064097,31.271569195411516,5.6112416150104405,1351,7,4,0,15,0,91.26699495185062,0.009111367141599169,1.037630495430023,Natural
Bangalore,13.0358,77.597,2026-03-30 14:53:59.771851+05:30,47.322218860705306,66.29045702181725,20.508763814867766,1.5143920049488555,569.4574366537377,41.68653932379352,27.06775068550388,35.19558246204252,10.056062906171386,1351,7,4,0,14,0,134.12143969739031,0.03595143563237724,0.7032530459016241,Natural
Bangalore,13.0358,77.597,2026-03-30 14:43:59.771891+05:30,45.3328028345869,77.87302525577883,0.0,0.4203986360732541,570.0365120863062,47.49302272273948,26.087118672296164,42.87863080566143,6.322903749312611,1351,7,4,0,14,0,123.20582809036573,0.0,0.5747567395516565,Agricultural
Bangalore,13.0358,77.597,2026-03-30 14:33:59.771930+05:30,44.81860032622552,79.97355424604767,0.0,0.0,569.535762378896,49.89435236102621,29.66376390060171,43.75983575799632,6.867436124239789,1351,7,4,0,14,0,124.79215457227319,0.0,0.5534967650060034,Agricultural
Bangalore,13.0358,77.597,2026-03-30 14:23:59.771971+05:30,42.95772947733819,99.3795996917546,1.0968587182762484,0.0,570.9627569714278,96.0897144823055,27.415902881955603,40.268780163742775,9.973081957691814,1351,7,4,0,14,0,143.43418788736906,0.0019177100342759584,0.42795278731189074,Agricultural
Bangalore,13.0358,77.597,2026-03-30 14:13:59.772009+05:30,43.76901002948558,80.52403432027012,0.28555202737196694,4.086908170968955,570.8131331366196,32.29388002357934,25.387066766828006,37.204037728500786,7.842287942001547,1351,7,4,0,14,0,124.57859637712765,0.0004993799736735705,0.5368847407322538,Agricultural
Bangalore,13.0358,77.597,2026-03-30 14:03:59.772044+05:30,32.15078520510353,93.06138102218014,0.0,9.2227268493148,569.9228683384272,47.33188061791354,26.513066683504643,42.40014280203948,4.978397787023145,1351,7,4,0,14,0,125.21216622728367,0.0,0.34180643379584463,Agricultural
Bangalore,13.0358,77.597,2026-03-30 13:53:59.772079+05:30,59.265398178552765,32.88180862831233,8.306073945053683,8.46016872674527,569.3800926922049,67.91322982430387,31.182003419341974,33.83088235546751,7.185143038190638,1351,7,4,0,13,0,100.45328075191877,0.014562348951992442,1.749180477013538,Agricultural
Bangalore,13.0358,77.597,2026-03-30 13:43:59.772114+05:30,47.71383081011959,81.1301852005558,0.0,0.0,570.8496928050449,54.913049552395734,34.36177807522469,40.46258681455711,6.763138108789874,1351,7,4,0,13,0,128.84401601067538,0.0,0.5809536493020924,Agricultural
Bangalore,13.0358,77.597,2026-03-30 13:33:59.772149+05:30,45.903399368024246,96.21104077794853,4.446612001733444,1.2302578100885357,570.0339176912956,52.21079768316676,33.93321162290752,40.730074074512125,6.850230242597424,1351,7,4,0,13,0,146.56105214770622,0.007786949012960923,0.4722035583682078,Vehicular
Bangalore,13.0358,77.597,2026-03-30 13:23:59.772183+05:30,37.11307089444656,37.630523430225196,21.371020522318556,0.0,570.6918659763046,93.69492298442509,34.47383387837759,35.726791532203386,6.863714641679914,1351,7,4,0,13,0,96.11461484699032,0.03738206155132587,0.960718820222059,Agricultural
Bangalore,13.0358,77.597,2026-03-30 13:13:59.772216+05:30,59.17599816757411,82.53886226368276,7.623433880093735,4.934414838445099,570.1578564181226,49.000490654454765,29.622191539720177,41.183727646010716,7.114555555354125,1351,7,4,0,13,0,149.33829431135058,0.013347332605914315,0.7083649042381077,Vehicular
Bangalore,13.0358,77.597,2026-03-30 13:03:59.772251+05:30,32.32916413288014,73.38403005098863,21.03746019356957,0.061576883549283146,569.2175735716792,27.49957481609538,25.918803648830586,35.22902748012312,9.415356489968202,1351,7,4,0,13,0,126.75065437743834,0.036893742263671314,0.4346250681862653,Vehicular
Bangalore,13.0358,77.597,2026-03-30 12:53:59.772285+05:30,59.72762344443497,110.7343747525896,11.463423969895867,0.0,570.9217753352966,106.65679172384216,33.28218279386809,43.0386442717099,6.816218887144622,1351,7,4,0,12,0,181.92542216692044,0.02004369209963248,0.5345501201102009,Agricultural
Bangalore,13.0358,77.597,2026-03-30 12:43:59.772319+05:30,55.74557722512975,32.431902863586764,10.764208466735706,7.261915753936786,569.0456445545059,108.92081658529531,31.34516232073135,30.73708223039838,7.418891332257392,1351,7,4,0,12,0,98.94168855545223,0.01888306413629035,1.6674365635898791,Agricultural
Bangalore,13.0358,77.597,2026-03-30 12:33:59.772352+05:30,33.84972151242937,94.60406330988494,2.791402679071439,7.867665774873752,569.0525790047128,65.17507902053435,30.054572418994635,28.10610132122419,8.645570688825797,1351,7,4,0,12,0,131.24518750138574,0.00489674598779135,0.3540615360950824,Agricultural
Bangalore,13.0358,77.597,2026-03-30 12:23:59.772388+05:30,47.536154694978066,46.83133298421009,13.508994252219598,3.917109093716511,569.7870958102977,20.109449976664145,31.36475445784318,42.879717500999575,5.959119357431376,1351,7,4,0,12,0,107.87648193140775,0.023667308443688678,0.993828767236542,Agricultural
Bangalore,13.0358,77.597,2026-03-30 12:13:59.772426+05:30,57.284225025534795,96.61159337217819,0.0,2.8433014265997896,570.715740687148,37.853462795935094,33.036379380697014,35.5642106968274,6.043370647154278,1351,7,4,0,12,0,153.895818397713,0.0,0.5868588253356212,Agricultural
Bangalore,13.0358,77.597,2026-03-30 12:03:59.772477+05:30,31.010176535339028,108.87163210677589,0.0,0.0,569.4449831610002,22.33472111012403,29.520819146240715,41.964547713535765,9.756268500946309,1351,7,4,0,12,0,139.88180864211492,0.0,0.2822400645255055,Vehicular
Bangalore,13.0358,77.597,2026-03-30 11:53:59.772523+05:30,36.574133975213584,67.83478971567413,5.645084990290009,2.3493545927030484,569.7335623731369,66.97598340160529,30.75942256802109,38.79416810360727,7.364293547559544,1351,7,4,0,11,0,110.05400868117772,0.00989092873181924,0.5313321087532198,Agricultural
Bangalore,13.0358,77.597,2026-03-30 11:43:59.772565+05:30,40.40095699146134,89.93438202388928,8.108078610732829,2.061027339055289,570.3737779214174,23.355841824970195,26.244300251485466,39.67811809556318,4.681039582621671,1351,7,4,0,11,0,138.44341762608346,0.01419049827632789,0.44428692527813785,Agricultural
Bangalore,13.0358,77.597,2026-03-30 11:33:59.772608+05:30,46.406938538420576,99.47705276198943,0.3063548168818073,9.036310375113082,569.9045076488699,107.64029046015327,28.869133491938207,39.012410780160174,8.053550979473092,1351,7,4,0,11,0,146.19034611729182,0.0005366130636162858,0.46186604068044845,Agricultural
Bangalore,13.0358,77.597,2026-03-30 11:23:59.772654+05:30,48.66850131806879,116.28112839084325,21.136107039600695,0.0,570.278398192835,55.41538544935071,35.0595726441117,34.13698427108013,7.60009174601236,1351,7,4,0,11,0,186.08573674851272,0.03699791048718458,0.4149729968139409,Agricultural
Bangalore,13.0358,77.597,2026-03-30 11:13:59.772697+05:30,45.54436301790622,40.8883541565525,18.36753835742426,6.6087537435248676,570.9693079106139,37.247102262589806,30.69225068831758,39.5318200173197,8.812646947575658,1351,7,4,0,11,0,104.80025553188298,0.03211280413720153,1.0872798403033417,Agricultural
Bangalore,13.0358,77.597,2026-03-30 11:03:59.772737+05:30,34.196493319391365,34.65958648238036,1.7494821479607428,0.0,569.8223485828381,77.12233827421049,28.440732694539513,34.04263499469758,4.994346225045792,1351,7,4,0,11,0,70.60556194973248,0.0030648452225182222,0.9589705516155684,Agricultural
Bangalore,13.0358,77.597,2026-03-30 10:53:59.772780+05:30,53.35767841109889,39.971997049600986,12.669358780982343,2.0431433545820488,570.7268057989473,38.53464108988355,25.426714710218185,44.39463461276951,9.863704750419885,1351,7,4,0,10,0,105.99903424168221,0.022159812435727618,1.302296257282839,Natural
Bangalore,13.0358,77.597,2026-03-30 10:43:59.772820+05:30,54.32726216834462,60.59930759520153,14.760523674905325,8.018331774060727,570.0592068180553,112.03896457942265,34.872943255225366,28.510483802086657,9.198489280520393,1351,7,4,0,10,0,129.68709343845148,0.02584762402685185,0.8819459875321165,Agricultural
Bangalore,13.0358,77.597,2026-03-30 10:33:59.772857+05:30,48.69039782619995,41.86131178839962,12.99340930801667,0.24833430141963664,570.8631428647199,27.881262743937324,33.993242516204084,33.46877599688908,8.291199200656779,1351,7,4,0,10,0,103.54511892261623,0.02272118682614661,1.1359987782589978,Natural
Bangalore,13.0358,77.597,2026-03-30 10:23:59.772894+05:30,59.469331940643166,44.11272911393863,9.549038965459339,5.207228890965827,569.1328970171418,109.14078087424065,30.3886018354491,41.40113043861503,5.338300866819051,1351,7,4,0,10,0,113.13110002004115,0.016748794913288848,1.3182384020803728,Agricultural
Bangalore,13.0358,77.597,2026-03-30 10:13:59.772929+05:30,56.52479274518902,57.19575970490477,0.0,0.0,570.596853130968,22.610026882068517,28.107009467323433,45.953130356496985,6.038977915366711,1351,7,4,0,10,0,113.72055245009379,0.0,0.971287135554398,Natural
Bangalore,13.0358,77.597,2026-03-30 10:03:59.772970+05:30,37.36311837870288,73.02775087196588,22.76464235077183,9.016028383052308,570.0966436889474,73.59677804344426,27.953911020568803,38.52262506074941,7.318287456005759,1351,7,4,0,10,0,133.1555116014406,0.039861278475961034,0.5047177300215965,Agricultural
Bangalore,13.0358,77.597,2026-03-30 09:53:59.773016+05:30,39.91692395889028,26.11077381621159,7.888105875383619,1.5129739330983698,570.6156902644109,53.58415798738819,32.69587742795153,38.92568448538287,4.602798230549984,1351,7,4,0,9,0,73.91580365048549,0.013799666471252456,1.4723638738419529,Natural
Bangalore,13.0358,77.597,2026-03-30 09:43:59.773062+05:30,39.427221330987344,70.87859529141886,18.542717914090463,0.0,569.9009389697201,30.57155634608684,34.38899254895405,30.703977559856092,7.477223224111651,1351,7,4,0,9,0,128.8485345364967,0.03247974674477449,0.5485252065811352,Agricultural
Bangalore,13.0358,77.597,2026-03-30 09:33:59.773108+05:30,35.298853604314274,34.79901277920898,16.201746165547192,0.0,569.7908332198431,52.45002697970656,30.944655503902446,45.79696750340459,9.451317800389742,1351,7,4,0,9,0,86.29961254907045,0.028384734341567474,0.9860286880540688,Agricultural
Bangalore,13.0358,77.597,2026-03-30 09:23:59.773156+05:30,50.85750287206683,36.184497704645224,19.371178300833815,0.0,570.6920123987977,51.4431271617937,29.004470514798342,31.3880999103125,7.26190310186939,1351,7,4,0,9,0,106.41317887754587,0.03388394079454267,1.3677071363455187,Agricultural
Bangalore,13.0358,77.597,2026-03-30 09:13:59.773200+05:30,51.160339265882826,33.90235336801761,22.39939127562788,0.0,569.8439356421637,88.9725597089281,32.07598079194354,35.82119416775766,4.748007230816546,1351,7,4,0,9,0,107.46208390952832,0.03923908073128598,1.4658134575178259,Agricultural
Bangalore,13.0358,77.597,2026-03-30 09:03:59.773253+05:30,37.08740939515138,48.68619307760084,0.0,0.0,570.4832546488482,77.58749878610266,31.039412891084627,44.39476560440353,8.149351975077066,1351,7,4,0,9,0,85.77360247275223,0.0,0.7464329041516133,Vehicular
Bangalore,13.0358,77.597,2026-03-30 08:53:59.773295+05:30,43.76717184326489,53.84283149399143,12.610025035657078,0.0,570.4610932623302,39.63552972500524,33.166314693771994,40.67306374212474,7.007766348463283,1351,7,4,0,8,0,110.2200283729134,0.022066287949140263,0.7980472680018356,Agricultural
Bangalore,13.0358,77.597,2026-03-30 08:43:59.773333+05:30,39.16523208836145,42.57738553704911,13.940367310531652,5.574466578811426,570.5718648482072,97.93185913068949,32.52980682633875,33.41019009792749,7.8124395397417725,1351,7,4,0,8,0,95.68298493594222,0.024389526790710398,0.8987513042760106,Agricultural
Bangalore,13.0358,77.597,2026-03-30 08:33:59.773368+05:30,38.27153687969148,76.47669635112337,9.798279756018264,11.07446810156712,570.2906957992121,114.08986835106525,26.27271763721641,38.08992903048296,8.479297419194385,1351,7,4,0,8,0,124.54651298683311,0.01715112783748539,0.4939748167145045,Industrial
Bangalore,13.0358,77.597,2026-03-30 08:23:59.773406+05:30,32.35558466429553,72.89405849304057,9.77444776947999,7.6227415222236266,569.6358460755231,74.97666034391798,29.621796601660492,32.231045066210896,5.585878435735163,1351,7,4,0,8,0,115.02409092681609,0.017129046197680246,0.4378644957949199,Natural
Bangalore,13.0358,77.597,2026-03-30 08:13:59.773448+05:30,48.46204588020129,64.49874823671907,1.9761346922728134,0.0,569.819682937807,26.18807929541134,25.34410301319289,34.61625419046507,9.627187320792206,1351,7,4,0,8,0,114.93692880919316,0.0034619245820367425,0.7398927030644094,Natural
Bangalore,13.0358,77.597,2026-03-30 08:03:59.773487+05:30,55.56217828865834,41.33594511907906,14.040526254270109,0.0,570.3404990343633,74.31598221803102,30.377366200703698,44.133207717131555,10.152215404629924,1351,7,4,0,8,0,110.93864966200749,0.02457470856345795,1.3124114303431191,Natural
Bangalore,13.0358,77.597,2026-03-30 07:53:59.773525+05:30,31.07120740481153,21.705965619544394,0.0,4.210883114104472,570.462375473855,82.89583073942151,31.70772764725151,44.315100888679375,5.727083301611007,1351,7,4,0,7,0,52.777173024355925,0.0,1.3684160332765882,Agricultural
Bangalore,13.0358,77.597,2026-03-30 07:43:59.773563+05:30,51.23731596908041,53.27035406693035,14.719516397788116,0.0,570.275933582847,97.21704790276526,30.92867078036355,42.581867033813836,8.09855622361248,1351,7,4,0,7,0,119.22718643379888,0.025766036222587482,0.9441124321004177,Vehicular
Bangalore,13.0358,77.597,2026-03-30 07:33:59.773606+05:30,49.31954623215691,70.26237969856184,12.934408925860062,2.301346211992654,570.2217489781244,70.75268487680614,27.579729595457778,46.07773043254679,6.354689520717715,1351,7,4,0,7,0,132.51633485657882,0.022643411160374778,0.692083907957851,Vehicular
Bangalore,13.0358,77.597,2026-03-30 07:23:59.773648+05:30,47.04057748369352,66.46658556436651,12.066848253529812,2.5229104715992596,570.3648977559195,22.581760911929564,25.150654306581266,46.17194777870447,9.247406572330132,1351,7,4,0,7,0,125.57401130158983,0.02111933774882445,0.6972425992836772,Vehicular
Bangalore,13.0358,77.597,2026-03-30 07:13:59.773688+05:30,48.901601704122456,109.87698044225684,6.304695203267544,7.361370457508062,570.6534451255361,99.75939627386306,30.271904854396446,33.375759719434676,5.147319577587363,1351,7,4,0,7,0,165.08327734964683,0.011028876423342505,0.4410437721975096,Natural
Bangalore,13.0358,77.597,2026-03-30 07:03:59.773728+05:30,60.37678050722725,76.05359164029073,0.0,10.055557937089233,569.7493075992936,27.52137395268364,28.770911173489246,32.42147819233753,6.984894914174315,1351,7,4,0,7,0,136.43037214751797,0.0,0.7835686724258639,Natural
Bangalore,13.0358,77.597,2026-03-30 06:53:59.773773+05:30,40.568344873017125,45.99365464057679,17.413557070780243,0.0,570.2251976240486,78.85289017135878,30.592795271076128,29.375228120125488,5.645957921472743,1351,7,4,0,6,0,103.97555658437416,0.030484574460668244,0.8632728223267037,Vehicular
Bangalore,13.0358,77.597,2026-03-30 06:43:59.773817+05:30,59.953226375916586,29.910773945713338,0.0,5.27691827517119,570.703886315694,66.48104387169788,27.096143109783004,40.04684193742973,5.934211879259783,1351,7,4,0,6,0,89.86400032162993,0.0,1.9395575950705308,Agricultural
Bangalore,13.0358,77.597,2026-03-30 06:33:59.773859+05:30,51.64780916335513,94.27142184136837,2.843945817228086,1.1868134466217066,569.9685367292778,88.19828066767369,29.053796634536095,41.44839696203552,5.19572802639994,1351,7,4,0,6,0,148.76317682195156,0.004980915119280084,0.5421122952206097,Natural
Bangalore,13.0358,77.597,2026-03-30 06:23:59.773905+05:30,40.47889599957059,44.97471017135119,16.136261128641436,0.0,569.4045714488251,28.736018472454365,32.80771057727945,38.74280141686142,7.640075154416207,1351,7,4,0,6,0,101.58986729956321,0.028289151132950083,0.8804600583386543,Vehicular
Bangalore,13.0358,77.597,2026-03-30 06:13:59.773947+05:30,59.17585262999148,65.39042437924687,15.396117919884482,9.728459123541466,569.4128868999079,118.17512126646541,27.216379789999426,32.291656542733755,7.914174740337342,1351,7,4,0,6,0,139.96239492912284,0.026991181779850087,0.8913311397432397,Natural
Bangalore,13.0358,77.597,2026-03-30 06:03:59.773985+05:30,37.90082558303219,115.74432461285281,0.0,0.0,570.9089426336997,32.617635347624116,33.666208099427536,39.97755244376234,5.520881099487607,1351,7,4,0,6,0,153.64515019588498,0.0,0.3246481206578461,Agricultural
Bangalore,13.0358,77.597,2026-03-30 05:53:59.774023+05:30,37.2697292408903,81.99137586558838,0.0,0.0,570.0427698013511,70.76089169567533,30.611623129003743,41.01710770821492,9.459528010495122,1351,7,4,0,5,0,119.26110510647868,0.0,0.4490795441354269,Natural
Mumbai,19.0176,72.8562,2026-03-30 19:04:05.764738+05:30,76.01770965392367,65.44955065016687,79.53018392780157,31.17210764751337,2100.442360675816,36.724531876476945,29.755963038537335,61.066732222774355,8.471595143106121,478,13,0,0,19,0,220.9974442318921,0.03784552239739993,1.143991327407611,Industrial
Mumbai,19.0176,72.8562,2026-03-30 18:54:05.764814+05:30,59.021505856334,64.3627514260964,93.75309052146144,19.23012097959099,2099.4366735001763,42.35414528734502,28.801610439571057,74.6746475161234,7.199027889438271,478,13,0,0,18,0,217.13734780389183,0.044635047418606966,0.9029838029855239,Industrial
Mumbai,19.0176,72.8562,2026-03-30 18:44:05.764850+05:30,57.68580171754666,70.30626236166111,30.189022838661888,18.063381076394244,2099.9021438585646,51.029539836193976,31.32556553599894,66.92318028229592,5.9643770468658905,478,13,0,0,18,0,158.18108691786966,0.014369552112130288,0.8089864733754759,Industrial
Mumbai,19.0176,72.8562,2026-03-30 18:34:05.764881+05:30,76.13477263052474,69.54402426713517,40.22473713981772,19.565539176253388,2100.136395036452,62.85547673877008,25.143180108303127,68.88569232980585,4.239849853775854,478,13,0,0,18,0,185.90353403747764,0.01914427698974767,1.0792519057633938,Industrial
Mumbai,19.0176,72.8562,2026-03-30 18:24:05.764911+05:30,68.4336035028471,79.86905425736032,101.3914784062148,25.938980907472363,2099.209680554234,34.48904246770574,34.96178393190215,70.15163240763553,5.539271437767286,478,13,0,0,18,0,249.6941361664222,0.04827683604403639,0.8462273255361905,Industrial
Mumbai,19.0176,72.8562,2026-03-30 18:14:05.764940+05:30,60.56590060620836,60.5512285824399,32.99532602120542,34.729102999406564,2100.9921379241882,91.55418833338962,29.13248687440486,70.75374080221408,4.22531282429205,478,13,0,0,18,0,154.11245520985366,0.015697169093025147,0.9839917415310108,Industrial
Mumbai,19.0176,72.8562,2026-03-30 18:04:05.764970+05:30,69.76674825268987,96.4527682783336,71.38620496778171,16.572652091693246,2100.4407093483737,83.12699752193569,33.51992613005761,64.37166080356573,4.654899365990683,478,13,0,0,18,0,237.60572149880517,0.03397012566198812,0.7159031958274388,Industrial
Mumbai,19.0176,72.8562,2026-03-30 17:54:05.764999+05:30,75.39034817704984,92.06482471468698,99.6004066734557,22.210128356715643,2099.9366732595913,70.58728372478848,26.10931484110113,72.70874527371475,4.638416720987381,478,13,0,0,17,0,267.0555795651925,0.047407619630403346,0.8100842440543721,Industrial
Mumbai,19.0176,72.8562,2026-03-30 17:44:05.765029+05:30,57.53702250521829,67.9698281351209,88.20225228779744,25.306398524009655,2099.279764647083,111.4730899756852,25.165317748956653,62.4280650644018,8.162385475751147,478,13,0,0,17,0,213.70910292813664,0.041995477827506636,0.834234680018279,Natural
Mumbai,19.0176,72.8562,2026-03-30 17:34:05.765058+05:30,70.61747763736497,90.07154985409215,109.66929540386027,25.591452869993876,2099.806849948826,112.95056948756314,25.999666375610072,70.9773819719828,3.2773065423359853,478,13,0,0,17,0,270.35832289531743,0.05220341670464933,0.7754065649536312,Industrial
Mumbai,19.0176,72.8562,2026-03-30 17:24:05.765088+05:30,82.0804401288046,97.30082594564676,54.68800871457933,33.36196811262057,2100.2797105277727,102.18806103413581,33.22804276115225,74.85107643840307,3.5717032147713796,478,13,0,0,17,0,234.0692747890307,0.02602604900270202,0.8349923750812545,Burning
Mumbai,19.0176,72.8562,2026-03-30 17:14:05.765117+05:30,56.58379244838699,81.7623509111097,107.73766615379671,26.750755103839154,2099.9279868630665,70.74704478276277,32.8208352634718,57.14437091140398,5.836372258133119,478,13,0,0,17,0,246.0838095132934,0.05128098955674429,0.683690009110065,Industrial
Mumbai,19.0176,72.8562,2026-03-30 17:04:05.765147+05:30,81.3433384614724,90.41949727151918,39.423226274820635,20.24391761465003,2100.2570762012415,24.664966677102058,27.35980159890725,64.57107522641384,6.223522489140867,478,13,0,0,17,0,211.1860620078122,0.018761733974070386,0.8897810739418067,Burning
Mumbai,19.0176,72.8562,2026-03-30 16:54:05.765179+05:30,81.01630074655343,60.088491278251425,87.02142271708048,19.087810234739894,2100.653617433217,55.56286656760903,32.61208671912755,62.69127567071209,7.781811347271047,478,13,0,0,16,0,228.12621474188535,0.04140616797898463,1.326212172723877,Natural
Mumbai,19.0176,72.8562,2026-03-30 16:44:05.765210+05:30,72.03315629764607,84.73779332287634,80.3701422763855,26.617397069025095,2100.157404816467,101.26869621008143,28.60639034277718,58.7899140691914,5.1073406214153,478,13,0,0,16,0,237.14109189690788,0.03825041479146381,0.8401564060131504,Industrial
Mumbai,19.0176,72.8562,2026-03-30 16:34:05.765240+05:30,85.95452896330397,70.86415569440118,53.278710916900046,25.053543474363515,2100.517016579756,87.01135927244376,25.311046689907936,69.8542691099929,2.850282474833019,478,13,0,0,16,0,210.0973955746052,0.025352500358817837,1.1960695583598229,Burning
Mumbai,19.0176,72.8562,2026-03-30 16:24:05.765270+05:30,80.6477781106374,87.71304115158615,28.139109982666106,35.614631908067885,2099.6194551833028,26.79769596364873,33.483645192322626,57.117721073270104,3.937367415089682,478,13,0,0,16,0,196.49992924488967,0.013395624758797948,0.909085936675675,Burning
Mumbai,19.0176,72.8562,2026-03-30 16:14:05.765300+05:30,80.11117115875311,97.68501821387157,21.961510558460134,16.149675604322717,2100.529672471447,82.40697004688573,29.261119362520724,67.39091994112758,3.6767796573657483,478,13,0,0,16,0,199.7576999310848,0.010450250046973114,0.8117865569537115,Burning
Mumbai,19.0176,72.8562,2026-03-30 16:04:05.765330+05:30,78.41193636827776,69.24823382619111,110.51664274745319,29.475256272677342,2099.6571450925367,65.2968056213273,27.533564574444426,71.32675382144116,5.561982804258943,478,13,0,0,16,0,258.1768129419221,0.0526105095282385,1.1162122105772134,Natural
Mumbai,19.0176,72.8562,2026-03-30 15:54:05.765359+05:30,68.9062031746938,76.2061794998681,26.52396047774022,20.4121878661591,2100.507668074718,106.39776918128422,34.006108776365174,73.50538349342702,4.987623409538335,478,13,0,0,15,0,171.63634315230212,0.012621396000919648,0.8924959584978754,Industrial
Mumbai,19.0176,72.8562,2026-03-30 15:44:05.765389+05:30,80.75248832678452,61.49645062710798,32.53059428905031,21.069034398317967,2099.882491699147,70.06900895781509,33.6580992034868,74.50035860013989,2.7984930440641915,478,13,0,0,15,0,174.77953324294282,0.01548425217382829,1.2921131922931626,Burning
Mumbai,19.0176,72.8562,2026-03-30 15:34:05.765418+05:30,60.06737421623135,80.59739203034094,70.32417556665588,27.535870924396963,2099.6624899500425,61.980157323889685,34.60852200622454,58.88927526883569,4.755705928147818,478,13,0,0,15,0,210.98894181322817,0.033477141569909365,0.7361433095054811,Natural
Mumbai,19.0176,72.8562,2026-03-30 15:24:05.765448+05:30,71.14927160134773,93.80492029741244,49.810415538599585,32.91329668040571,2100.4952177105556,86.67308595974094,33.28429481063639,70.35940338244126,3.514972898668834,478,13,0,0,15,0,214.76460743735976,0.023702369207799025,0.7504807912727042,Industrial
Mumbai,19.0176,72.8562,2026-03-30 15:14:05.765477+05:30,64.09761083410581,60.91171780430112,99.66267279354125,33.37397314374472,2100.1680285798043,23.81524099894187,30.695853840847526,68.45240104132239,7.57339546237341,478,13,0,0,15,0,224.67200143194816,0.047432033725024844,1.035306612501274,Industrial
Mumbai,19.0176,72.8562,2026-03-30 15:04:05.765507+05:30,57.18334900542556,81.57562956541284,58.30404579043597,35.257721402004236,2100.961401875381,20.747968047191204,30.13904859637775,73.110555872936,7.028891800237511,478,13,0,0,15,0,197.06302436127436,0.027737924082914558,0.6924966761546443,Industrial
Mumbai,19.0176,72.8562,2026-03-30 14:54:05.765536+05:30,81.18697412701977,88.55771371742826,58.66481957597973,18.232227741428257,2099.078063033419,24.706035679219877,31.510005076434332,66.68253122060294,8.475995861924908,478,13,0,0,14,0,228.40950742042776,0.027934589960547665,0.9065324555200261,Natural
Mumbai,19.0176,72.8562,2026-03-30 14:44:05.765565+05:30,65.05710461300086,65.89870342707694,62.62991024568341,20.740189991892315,2100.1391930396417,97.28975486015852,31.767328714141136,69.28956466493018,3.997176702637476,478,13,0,0,14,0,193.5857182857612,0.029807596970802777,0.9724718309961938,Industrial
Mumbai,19.0176,72.8562,2026-03-30 14:34:05.765595+05:30,81.1177780735734,77.36681959324817,55.452610473756764,31.861069654066426,2100.5587655128843,49.94105048356867,31.942531336958574,56.01010747064096,6.252618504259516,478,13,0,0,14,0,213.93720814057832,0.02638641915883974,1.035103612659078,Burning
Mumbai,19.0176,72.8562,2026-03-30 14:24:05.765624+05:30,77.1773155301834,95.7676965239952,91.8519661309419,24.339521273268495,2099.7372851932873,112.47790469791022,26.123142942968766,69.72089036075256,2.7795792306804863,478,13,0,0,14,0,264.7969781851205,0.04372368062315354,0.7975524715631314,Industrial
Mumbai,19.0176,72.8562,2026-03-30 14:14:05.765654+05:30,63.79647825035872,77.81660481223838,55.86278810410677,26.51317107975722,2099.117971097488,57.004341411466044,26.841831635621006,69.83410894448917,3.432815597956801,478,13,0,0,14,0,197.47587116670388,0.026599833377414398,0.8094294140471858,Industrial
Mumbai,19.0176,72.8562,2026-03-30 14:04:05.765683+05:30,75.23068859964411,95.0469930294795,28.109766401403174,24.7853420370818,2099.6560713101057,63.06090114924791,34.25204118712945,63.49356264550782,3.80405890255373,478,13,0,0,14,0,198.38744803052677,0.013381422492389293,0.7832695873836854,Industrial
Mumbai,19.0176,72.8562,2026-03-30 13:54:05.765712+05:30,59.09542569203489,85.47474941963985,49.026220535027775,28.754658948228094,2099.6684876789477,35.0443563875031,27.559811772825125,60.67911848667325,6.837567850316209,478,13,0,0,13,0,193.5963956467025,0.023338390051824597,0.6833836014402296,Industrial
Mumbai,19.0176,72.8562,2026-03-30 13:44:05.765742+05:30,83.01713347400397,83.30797309646906,83.4862225341422,21.75104518570209,2100.7993109240365,93.7084361438887,28.866747540331573,62.017851283521786,3.0663782678658213,478,13,0,0,13,0,249.81132910461523,0.03972131026032084,0.9846889970775593,Natural
Mumbai,19.0176,72.8562,2026-03-30 13:34:05.765771+05:30,75.56436894494563,77.19791836430116,36.68419747219157,22.656001888974778,2099.2445346171244,79.78767280776017,33.65206729105642,72.82221866087775,6.947775029474418,478,13,0,0,13,0,189.44648478143836,0.01746663156006218,0.9663220009631638,Industrial
Mumbai,19.0176,72.8562,2026-03-30 13:24:05.765800+05:30,72.40617455673677,89.42792542133154,26.142853384896128,18.33505772589866,2099.381456725691,93.975586603622,32.30662689758822,65.83690062476145,3.0569358904447412,478,13,0,0,13,0,187.97695336296442,0.012446716905247549,0.8007059126854246,Natural
Mumbai,19.0176,72.8562,2026-03-30 13:14:05.765829+05:30,66.19656293804857,81.33453476911966,61.066424775296674,23.314535481251525,2099.7369057944657,60.390366044768065,25.69732213048716,72.20765214101992,6.641747496512414,478,13,0,0,13,0,208.59752248246488,0.02906904934494989,0.8039951051363227,Natural
Mumbai,19.0176,72.8562,2026-03-30 13:04:05.765858+05:30,64.16368517734138,93.09504246647657,79.29678499362666,16.595513995451277,2099.8665615305135,91.15814078531668,30.03339307317006,73.7099863548431,6.050709266371612,478,13,0,0,13,0,236.55551263744462,0.037744798477756594,0.6819029302229297,Industrial
Mumbai,19.0176,72.8562,2026-03-30 12:54:05.765887+05:30,77.72090948206097,86.15175085113538,46.66578347935532,21.970169004672332,2099.490237590017,60.970201409984774,28.96388560922426,61.88855086658189,6.671559185995962,478,13,0,0,12,0,210.53844381255166,0.022216615266394662,0.8917882741657904,Industrial
Mumbai,19.0176,72.8562,2026-03-30 12:44:05.765917+05:30,85.22941500408069,94.0135031149399,28.663156054036534,28.204248023732486,2099.9690648961546,61.85401437743309,31.988972753518517,58.54214818396461,3.998763486693252,478,13,0,0,12,0,207.90607417305714,0.013642826319031631,0.8970242356076149,Natural
Mumbai,19.0176,72.8562,2026-03-30 12:34:05.765946+05:30,84.16735432194932,97.26867093989044,64.53184247369417,20.74720175985358,2099.017050115498,48.574075054005434,33.02479164629421,61.309005592974,3.9910145309822096,478,13,0,0,12,0,245.9678677355339,0.030729199303474706,0.8565024184913755,Burning
Mumbai,19.0176,72.8562,2026-03-30 12:24:05.765975+05:30,68.64650086445967,88.87890028589268,37.134773297317885,26.261516108829248,2100.6752687931953,70.25997732249085,33.94298362878664,68.34584016078824,3.4617733166122338,478,13,0,0,12,0,194.66017444767024,0.01766912988353385,0.7637665864413604,Industrial
Mumbai,19.0176,72.8562,2026-03-30 12:14:05.766005+05:30,59.95688151977468,66.52567839076352,32.098536701841596,23.706567115564937,2100.835448501923,38.48897873478671,26.971536043077634,67.2987805677327,8.576995044788976,478,13,0,0,12,0,158.58109661237978,0.015271669685045864,0.887912316449617,Natural
Mumbai,19.0176,72.8562,2026-03-30 12:04:05.766035+05:30,63.332588017747135,67.69235439571771,108.20070042238567,31.572802860020687,2100.8270168679587,48.54715378943692,29.31854435452814,68.51844829251819,8.435793135315627,478,13,0,0,12,0,239.22564283585052,0.05147935560540141,0.9219743387001348,Industrial
Mumbai,19.0176,72.8562,2026-03-30 11:54:05.766064+05:30,59.76851689764253,59.95487006378113,66.71836391029012,18.703216155510226,2100.8958436752155,80.94396245833404,29.838837700879235,64.04357867491811,2.7652583854938535,478,13,0,0,11,0,186.4417508717138,0.03174199335854409,0.9805371881705721,Natural
Mumbai,19.0176,72.8562,2026-03-30 11:44:05.766093+05:30,59.59876771332682,63.04847884976359,48.04929257298372,27.378160711916465,2099.4410920883383,94.56687040853583,33.43316229743283,56.152040767545344,8.634606519428171,478,13,0,0,11,0,170.69653913607414,0.022875810587580574,0.9305258888837264,Industrial
Mumbai,19.0176,72.8562,2026-03-30 11:34:05.766122+05:30,61.71787389623036,82.25258539725574,55.07586244295866,34.66847059303566,2099.3428849349116,68.00507882339056,26.509894922511755,73.16322403252326,3.4087934069527464,478,13,0,0,11,0,199.04632173644475,0.026222319621239096,0.741332819896603,Natural
Mumbai,19.0176,72.8562,2026-03-30 11:24:05.766151+05:30,80.96782952611974,87.18213337490091,36.827423372505066,32.29602824562063,2100.9200553922074,34.01425687238466,31.540913486060123,63.87193954185434,4.506128065623672,478,13,0,0,11,0,204.97738627352572,0.017520848748756652,0.9181885992924439,Burning
Mumbai,19.0176,72.8562,2026-03-30 11:14:05.766181+05:30,58.978657779266555,62.35900991331907,50.79330574190189,20.254507694697192,2100.3829455113437,36.48843292748188,27.59189706989167,59.38029142637218,2.7801274310885544,478,13,0,0,11,0,172.13097343448752,0.024171370501696925,0.9308645741143171,Industrial
Mumbai,19.0176,72.8562,2026-03-30 11:04:05.766210+05:30,59.79767999446313,73.96611829491593,60.721891763959775,22.582998345028376,2099.557055788222,94.95198490339111,25.80952075732391,74.98490978970989,7.579987156008319,478,13,0,0,11,0,194.48569005333883,0.028907518411193184,0.7976627489130447,Natural
Mumbai,19.0176,72.8562,2026-03-30 10:54:05.766240+05:30,67.36204679267172,81.34954893870707,113.95497732985069,16.803666277228288,2100.329202489788,52.85099206291194,31.106805818164663,58.510385902240884,7.796100643759032,478,13,0,0,10,0,262.6665730612295,0.054229949878786064,0.8180014057248743,Industrial
Mumbai,19.0176,72.8562,2026-03-30 10:44:05.766270+05:30,81.1811916485863,74.36991128117735,30.127335446722917,21.732889732744415,2100.9494303281804,65.2409675763599,32.1675471521214,57.26265172922064,7.589123716935479,478,13,0,0,10,0,185.67843837648658,0.01433304484495571,1.0771034524072771,Burning
Mumbai,19.0176,72.8562,2026-03-30 10:34:05.766299+05:30,65.6338884942129,60.42133773859432,30.22670595773293,20.56040120368766,2099.2970861341864,91.65461621037043,25.527728708481078,68.79175369500629,3.3978324121617023,478,13,0,0,10,0,156.28193219054015,0.014391633525221091,1.0685844840037018,Industrial
Mumbai,19.0176,72.8562,2026-03-30 10:24:05.766328+05:30,78.41055009930193,60.904492838897696,117.31140484465925,26.64901911706759,2099.8844677056645,63.13059051086285,27.762743277684137,56.13956012027785,7.16185473746631,478,13,0,0,10,0,256.62644778285886,0.0558390557157923,1.2666374685171906,Industrial
Mumbai,19.0176,72.8562,2026-03-30 10:14:05.766357+05:30,69.74449913329215,72.90508064655813,21.929560173803967,33.5558407038766,2100.0191385606117,83.58384656309138,28.34538037533516,74.24924688318967,7.186802670003361,478,13,0,0,10,0,164.57913995365425,0.010437582300572332,0.9437037145908351,Industrial
Mumbai,19.0176,72.8562,2026-03-30 10:04:05.766386+05:30,85.92512887861753,95.950929782732,116.01666498204709,30.469194035275773,2099.217277287781,40.21216733408407,26.045014124048535,67.71168309763485,5.857581975087806,478,13,0,0,10,0,297.8927236433966,0.055240315483867895,0.8862744181120964,Burning
Mumbai,19.0176,72.8562,2026-03-30 09:54:05.766415+05:30,62.82953777847916,73.28432575433317,91.67489277565147,35.25498994331039,2100.210992081733,95.68111434308277,30.448257997821877,65.30057134689883,5.113661867208692,478,13,0,0,9,0,227.7887563084638,0.04362955130214049,0.8457980487870844,Natural
Mumbai,19.0176,72.8562,2026-03-30 09:44:05.766446+05:30,74.69492091243094,71.50995643167577,115.98448099859193,28.988048813416516,2099.6936227281026,90.26988652689882,29.935957605988644,58.85000359021933,4.512908009419932,478,13,0,0,9,0,262.18935834269865,0.05521246875018674,1.0301333029046018,Industrial
Mumbai,19.0176,72.8562,2026-03-30 09:34:05.766475+05:30,64.68079795148776,90.48394661790104,77.85134135010833,18.9888188964728,2100.1841764592814,55.174820676713814,26.927520115089592,72.28109743706877,7.060351124679422,478,13,0,0,9,0,233.01608591949713,0.03705117439124071,0.7070180107296705,Natural
Mumbai,19.0176,72.8562,2026-03-30 09:24:05.766505+05:30,81.72330253123728,89.42843620394873,99.06532814068478,19.736988387476835,2100.0675431001837,22.598049263552504,31.90356224093328,64.05453414030217,6.634996348798618,478,13,0,0,9,0,270.21706687587084,0.04714999689848672,0.9037345547690525,Natural
Mumbai,19.0176,72.8562,2026-03-30 09:14:05.766534+05:30,76.33279099534398,75.0459158241603,74.57990574770412,30.048046579760676,2100.200169576158,50.657318145674,31.391490889093276,56.32864368366773,7.340704095365297,478,13,0,0,9,0,225.9586125672084,0.03549395570568032,1.0037723941920433,Natural
Mumbai,19.0176,72.8562,2026-03-30 09:04:05.766563+05:30,57.199149400411045,61.16296878311521,51.30589682769597,22.267046676694402,2100.5186237597923,114.77815067176883,32.71567322307227,68.16403244750121,5.107455721442099,478,13,0,0,9,0,169.66801501122222,0.024413724555010334,0.9201482895705514,Natural
Mumbai,19.0176,72.8562,2026-03-30 08:54:05.766592+05:30,70.23977109459013,65.2014086893594,44.75782844104437,20.677167416805066,2100.81007289296,59.71500980275565,28.920078399801405,74.09956663204251,5.60141315200831,478,13,0,0,8,0,180.19900822499386,0.021294896726533948,1.0610011551896148,Industrial
Mumbai,19.0176,72.8562,2026-03-30 08:44:05.766622+05:30,85.2122970475086,88.85700449878459,100.92330710451422,32.866740414695585,2099.4459288895564,103.78038989907972,26.181220365478012,60.7864748100566,2.6881648738128074,478,13,0,0,8,0,274.9926086508074,0.04804851470652681,0.9483100123670513,Burning
Mumbai,19.0176,72.8562,2026-03-30 08:34:05.766651+05:30,73.68593284906478,72.672088954723,110.17936472806213,25.260493768475456,2099.6022960618247,85.05537745506874,25.8223572324263,74.64805732935328,5.563452956496583,478,13,0,0,8,0,256.5373865318499,0.05245132071626534,1.0001879123361128,Industrial
Mumbai,19.0176,72.8562,2026-03-30 08:24:05.766680+05:30,66.60040514269865,99.48331949022995,87.09795552670363,16.155675919327045,2100.671210647198,27.125461714354596,26.331835914538882,65.87862472035114,6.874372124217669,478,13,0,0,8,0,253.1816801596322,0.0414422365808029,0.6628006069124164,Natural
Mumbai,19.0176,72.8562,2026-03-30 08:14:05.766709+05:30,81.72217144994129,75.39297199570417,23.62966820506765,35.56053208360615,2099.515159102725,55.570860195564904,28.177197706455097,75.88873956168774,5.262253062598292,478,13,0,0,8,0,180.7448116507131,0.01124946330554525,1.069760336782509,Burning
Mumbai,19.0176,72.8562,2026-03-30 08:04:05.766738+05:30,67.47399282702645,89.96501545224278,25.072157741170038,25.95850723087974,2099.539792154035,84.26206026528372,26.5464813687691,66.69512024918063,2.8674784839254315,478,13,0,0,8,0,182.51116602043925,0.011936054644058593,0.7417576140846228,Natural
Mumbai,19.0176,72.8562,2026-03-30 07:54:05.766767+05:30,64.84363438934757,62.76204117342418,29.16936896598766,33.62660061533457,2100.8421503093864,33.71330205328568,31.248987059991684,64.29533721915655,7.02126014850062,478,13,0,0,7,0,156.7750445287594,0.013878001714683471,1.016962964108718,Industrial
Mumbai,19.0176,72.8562,2026-03-30 07:44:05.766797+05:30,60.28648462756903,62.65611996965232,32.155938595699745,35.03797826009361,2100.9263989184064,20.692291782172138,33.474151709165334,67.03693713947756,4.985824223173878,478,13,0,0,7,0,155.0985431929211,0.015298318063014151,0.9470650214984868,Natural
Mumbai,19.0176,72.8562,2026-03-30 07:34:05.766826+05:30,83.75245656128199,67.69896437411485,71.53888586365306,26.7735733758924,2100.2456891206302,88.46241858185974,30.180058369673322,71.02068529295187,7.375386997021442,478,13,0,0,7,0,222.9903067990499,0.034045940574227676,1.2191225489978297,Natural
Mumbai,19.0176,72.8562,2026-03-30 07:24:05.766856+05:30,57.54295661722296,74.49396987301834,83.76837503630482,34.88166859655279,2100.514705474831,64.72979746564326,25.2109813564498,63.71640618966611,3.4350726445877893,478,13,0,0,7,0,215.80530152654615,0.03986095115969108,0.7622192436562923,Industrial
Mumbai,19.0176,72.8562,2026-03-30 07:14:05.766885+05:30,59.829877119943724,63.76972690896848,41.04749368523147,35.91679891414144,2099.3031237967166,88.55474934113842,33.653622108719716,59.04079512987116,4.48378810637797,478,13,0,0,7,0,164.64709771414368,0.019543604549342355,0.9237321195445592,Natural
Mumbai,19.0176,72.8562,2026-03-30 07:04:05.766915+05:30,58.510829617165705,83.26690724955967,113.28593527705776,32.33077017428403,2099.1717823456547,90.84634267943905,32.49644250161849,71.00606436563332,6.401565802095052,478,13,0,0,7,0,255.06367214378315,0.053941271009045826,0.694351217185219,Natural
Mumbai,19.0176,72.8562,2026-03-30 06:54:05.766945+05:30,60.019627843109056,82.15177064846432,23.758640382812516,24.45292190246355,2100.0158462473837,79.70750331138464,24.98075247240081,59.48252849276364,6.4098455451381735,478,13,0,0,6,0,165.9300388743859,0.011308168106036768,0.7218081752804806,Natural
Mumbai,19.0176,72.8562,2026-03-30 06:44:05.766974+05:30,76.45538436367367,84.39272765455563,76.329771167216,35.322640297128046,2099.271402462472,47.783582435232155,34.625621985065465,68.98223559650022,4.161825836616053,478,13,0,0,6,0,237.1778831854453,0.036342813161062346,0.8953383556614244,Industrial
Mumbai,19.0176,72.8562,2026-03-30 06:34:05.767004+05:30,62.80565023721569,98.79957195247584,104.93788626967242,27.83138734515556,2100.9354837397746,86.99543913306505,25.26489206079,67.32006177213108,4.843367311993991,478,13,0,0,6,0,266.5431084593639,0.04992440875633651,0.6293178318151854,Industrial
Mumbai,19.0176,72.8562,2026-03-30 06:24:05.767033+05:30,71.00128773828642,92.80796385357888,30.052988011719044,36.039684375827626,2100.6421935040757,58.6880414841298,29.70340485679602,64.36481000886177,7.072402621005394,478,13,0,0,6,0,193.86223960358433,0.014299764300797362,0.7568791051590193,Natural
Mumbai,19.0176,72.8562,2026-03-30 06:14:05.767062+05:30,68.6597238775835,80.95082878779414,41.30429138561484,20.066768486498205,2100.0675370707504,101.68803184281825,30.394163319531376,67.70350160119946,8.060927154724876,478,13,0,0,6,0,190.91484405099249,0.01965871665562932,0.8378161013523486,Industrial
Mumbai,19.0176,72.8562,2026-03-30 06:04:05.767091+05:30,73.52221994771372,71.95336771573685,24.250692129983115,34.882987289172945,2100.449104859458,76.85973445184563,32.57395738598095,71.86098485973349,6.370809405708976,478,13,0,0,6,0,169.7262797934337,0.011539985467126012,1.0077974773446157,Industrial
Mumbai,19.0176,72.8562,2026-03-30 05:54:05.767120+05:30,58.738259556819514,63.08223425416424,92.01249175619155,19.009054603891496,2100.2522569042076,91.60320537848425,25.76130297610782,75.88591584119166,8.45350774510796,478,13,0,0,5,0,213.83298556717529,0.04378936010841188,0.9166075471690119,Industrial
Chennai,13.0067,80.2575,2026-03-30 19:04:13.011358+05:30,75.21284528158193,73.22084883843098,20.51363550447465,13.920684987987002,4249.883150625504,20.080338958386626,25.99963601134659,76.56619684425604,7.325598742531039,509,1,0,0,19,0,168.94732962448757,0.004825734977320215,1.013365468849735,Natural
Chennai,13.0067,80.2575,2026-03-30 18:54:13.011449+05:30,71.41285562475122,53.99592040442894,19.128946054324317,1.1405757365570688,4249.276736407367,29.693773763946396,34.15750984606589,66.06115848157852,7.208329800333995,509,1,0,0,18,0,144.5377220835045,0.004500635426975385,1.298511873237059,Natural
Chennai,13.0067,80.2575,2026-03-30 18:44:13.011485+05:30,93.42316495728875,60.17436505976909,15.936003400501827,11.640215387707823,4249.428758840301,13.8786617873777,33.99216018102825,79.13746072211407,1.7811743216723954,509,1,0,0,18,0,169.53353341755965,0.0037492696160021867,1.5271619879668823,Burning
Chennai,13.0067,80.2575,2026-03-30 18:34:13.011519+05:30,89.30629999371267,49.91303558703673,24.550026460064977,0.0,4249.283080169795,0.0,25.78865619015637,78.53129202531892,2.930441380268296,509,1,0,0,18,0,163.76936204081437,0.005776092085396869,1.754094977130994,Burning
Chennai,13.0067,80.2575,2026-03-30 18:24:13.011550+05:30,96.67629126822627,71.60877244693145,24.423607411507348,5.645514392869518,4249.358960369558,22.22546456488832,34.62064492728827,74.46753427501812,3.2163157198671772,509,1,0,0,18,0,192.70867112666508,0.005746245820466838,1.3314684715112814,Burning
Chennai,13.0067,80.2575,2026-03-30 18:14:13.011581+05:30,92.8350330186334,71.492810916927,19.29207978834686,7.516798611021874,4250.20387399082,29.65607087354485,32.88475810794901,80.08544429234858,7.39941189319153,509,1,0,0,18,0,183.61992372390725,0.004538027429448217,1.2806101990584629,Burning
Chennai,13.0067,80.2575,2026-03-30 18:04:13.011611+05:30,97.17395194645061,48.15322285396215,22.941515916625157,0.0,4250.547827029979,3.645434710451955,25.094652897062083,84.00127271768056,2.5903035114575133,509,1,0,0,18,0,168.2686907170379,0.005396038537017118,1.9769599286533377,Burning
Chennai,13.0067,80.2575,2026-03-30 17:54:13.011641+05:30,71.31064443364414,118.4319020817832,21.64957689697833,2.3783442588011665,4249.5411585679985,0.0,29.990354678919253,78.58094476720271,1.7400525652509864,509,1,0,0,17,0,211.39212341240568,0.005093369547390065,0.5970820458407575,Natural
Chennai,13.0067,80.2575,2026-03-30 17:44:13.011671+05:30,96.45987251192054,75.16871321464888,0.6125753942215457,5.473885438387046,4250.179321406347,18.64247724178594,29.920541753341084,79.71628282831554,7.49099612608694,509,1,0,0,17,0,172.24116112079096,0.00014409540221862425,1.2663975593245185,Burning
Chennai,13.0067,80.2575,2026-03-30 17:34:13.011700+05:30,73.93558959086661,80.5310490816732,5.295447677211007,13.330210782449718,4250.564203720698,26.11974996676898,26.956907443338913,81.879924234233,3.046377510010112,509,1,0,0,17,0,159.76208634975083,0.001245529274279045,0.9068396693485706,Natural
Chennai,13.0067,80.2575,2026-03-30 17:24:13.011731+05:30,97.04685991330501,56.085820335757916,0.16688751283269276,1.5774545115165184,4250.582339568557,2.927311934358551,33.56045613276721,78.1246444846324,5.099509221050398,509,1,0,0,17,0,153.29956776189562,3.9253035576779687e-05,1.7000169103730292,Burning
Chennai,13.0067,80.2575,2026-03-30 17:14:13.011761+05:30,75.65517246749815,41.7570864463449,0.0,14.225892125773512,4249.598449062476,27.903979478030422,27.612180869516962,68.45147802404722,4.419711018574323,509,1,0,0,17,0,117.41225891384305,0.0,1.769418329343756,Industrial
Chennai,13.0067,80.2575,2026-03-30 17:04:13.011790+05:30,73.57938150965835,107.5373695390343,8.74109889745886,5.779157379433729,4250.072712123996,23.7703076726565,29.5477405390948,85.29582108431433,1.9319193452283878,509,1,0,0,17,0,189.85784994615153,0.0020562101590333604,0.6779174935062003,Natural
Chennai,13.0067,80.2575,2026-03-30 16:54:13.011821+05:30,76.64132122255232,63.86022726934047,7.0228302904045865,0.9759462179934468,4250.465296636517,12.013158334164546,34.21291661871959,66.30637231851587,6.256849564353102,509,1,0,0,16,0,147.52437878229736,0.0016518611350210461,1.18163818489703,Vehicular
Chennai,13.0067,80.2575,2026-03-30 16:44:13.011851+05:30,86.3809016865014,25.61071021659868,5.10750136496824,3.6375771048415286,4250.0757555592445,2.5210595671257163,34.32854204202807,81.457715945882,1.771211291147091,509,1,0,0,16,0,117.09911326806832,0.001201460914520054,3.246095312128141,Burning
Chennai,13.0067,80.2575,2026-03-30 16:34:13.011880+05:30,79.12229965489225,21.205345815480552,19.490617778777917,0.0,4249.970426945682,18.92724148035964,27.445064691460125,72.07983076674424,1.7516064258277924,509,1,0,0,16,0,119.81826324915072,0.004584980797615641,3.5632095222643096,Vehicular
Chennai,13.0067,80.2575,2026-03-30 16:24:13.011909+05:30,71.77603255777802,65.77124981447722,0.0,14.894012071595657,4250.947879082881,5.909101743748616,29.555628428512343,67.70552324355887,3.7295970055195706,509,1,0,0,16,0,137.54728237225524,0.0,1.0749541570242658,Industrial
Chennai,13.0067,80.2575,2026-03-30 16:14:13.011939+05:30,71.28417445956029,22.412074841888167,19.231403849392045,5.3910276094070815,4250.102323224113,22.094714657110586,29.243573267291765,71.82968025461467,5.146355737701047,509,1,0,0,16,0,112.92765315084051,0.004523862844780127,3.044761087642725,Natural
Chennai,13.0067,80.2575,2026-03-30 16:04:13.011968+05:30,99.68545735611642,76.34635106022566,21.174042038018946,9.027833482940082,4249.507286298557,26.659791828738584,25.915671695521176,75.99665644684299,4.562875944132037,509,1,0,0,16,0,197.205850454361,0.004981532935203555,1.2888191361283021,Burning
Chennai,13.0067,80.2575,2026-03-30 15:54:13.011998+05:30,79.57257910853792,67.518533834002,19.195327422447242,0.7583401455740928,4250.473736255386,20.10574716355009,28.018766111179918,66.5534211744129,5.130038457400687,509,1,0,0,15,0,166.28644036498716,0.004514982007004966,1.1613292733512988,Vehicular
Chennai,13.0067,80.2575,2026-03-30 15:44:13.012027+05:30,96.02306150630548,33.196847891840626,9.666447953726445,0.0,4250.79734172776,13.843864134725363,30.056519518700227,69.72653938715112,2.971736052638912,509,1,0,0,15,0,138.88635735187256,0.0022734968712780626,2.8079506570316557,Burning
Chennai,13.0067,80.2575,2026-03-30 15:34:13.012057+05:30,94.2910403937017,57.76230908901358,16.084615231780163,0.0,4250.265372560871,23.480330444377913,32.60380297834588,66.56600878157559,2.9797931306517373,509,1,0,0,15,0,168.13796471449544,0.0037834888726532585,1.6046176853069023,Natural
Chennai,13.0067,80.2575,2026-03-30 15:24:13.012086+05:30,93.94726881245026,59.205024454535874,11.304901878674029,2.88836903964169,4250.215965279695,0.0,29.737611532147657,82.92728268577585,7.3968003542070795,509,1,0,0,15,0,164.45719514566017,0.0026592160857041424,1.5604556208326934,Burning
Chennai,13.0067,80.2575,2026-03-30 15:14:13.012115+05:30,97.6644015316755,20.604381939924224,3.408463319411819,0.0,4250.627615447332,15.687714031379512,32.50834399176404,79.3241148814281,2.999222857888989,509,1,0,0,15,0,121.67724679101154,0.0008016843495483788,4.520582991138234,Burning
Chennai,13.0067,80.2575,2026-03-30 15:04:13.012145+05:30,87.69512145354014,33.78439041994469,19.435881996915796,0.0,4250.661728045076,25.071935934860434,28.726960705924455,77.48978624193953,7.588561259277628,509,1,0,0,15,0,140.91539387040064,0.004571361326493032,2.521105599230437,Natural
Chennai,13.0067,80.2575,2026-03-30 14:54:13.012174+05:30,70.2115111378763,66.35297829000928,12.255661223515668,15.440806315702748,4250.778861470264,9.214850840083985,29.951549598780126,70.59176587347156,6.484488630190488,509,1,0,0,14,0,148.82015065140124,0.0028824785161281094,1.042441075664965,Industrial
Chennai,13.0067,80.2575,2026-03-30 14:44:13.012204+05:30,97.68074163541142,115.12985802091846,6.599115715920959,5.81887531701767,4249.388246816437,0.0,25.93790252093067,81.33876642653144,4.46107935734197,509,1,0,0,14,0,219.40971537225084,0.0015525912770118664,0.8411337385585729,Burning
Chennai,13.0067,80.2575,2026-03-30 14:34:13.012234+05:30,85.59850028249262,104.59854475328352,0.0,6.186978499381747,4250.852914242542,25.196399037489897,28.644159662766597,68.2407963813397,5.6510183144163495,509,1,0,0,14,0,190.19704503577614,0.0,0.8106030294497121,Burning
Chennai,13.0067,80.2575,2026-03-30 14:24:13.012263+05:30,75.90797089155731,117.83125584948517,7.6187247657634,14.945222786588904,4250.845922641609,3.1069867167180867,31.54323027910931,72.81428400141763,7.173678207072491,509,1,0,0,14,0,201.3579515068059,0.0017918628530711194,0.6387879211484928,Industrial
Chennai,13.0067,80.2575,2026-03-30 14:14:13.012295+05:30,88.91155998443408,22.06303614375203,16.481040865615853,0.3995006023424841,4250.178829572318,9.004783052970241,28.27132399983608,70.62968398312954,4.063504085845984,509,1,0,0,14,0,127.45563699380196,0.0038768166492948726,3.855154170953375,Burning
Chennai,13.0067,80.2575,2026-03-30 14:04:13.012324+05:30,91.06110099875393,47.47302745890671,3.8031671092612402,5.049028086499324,4250.797983964044,0.0,33.56131710614233,80.52490736009925,2.8971925209103357,509,1,0,0,14,0,142.33729556692188,0.0008944844330810527,1.878593225396361,Burning
Chennai,13.0067,80.2575,2026-03-30 13:54:13.012353+05:30,71.10807124397924,95.91940966654688,4.534517551735121,0.0,4250.907898678133,22.09934647344295,28.05525959148946,82.7192631738254,4.924775700285171,509,1,0,0,13,0,171.56199846226124,0.0010664665509675898,0.7336824634882522,Vehicular
Chennai,13.0067,80.2575,2026-03-30 13:44:13.012383+05:30,93.96573988229044,84.68603602738892,21.611624400799037,7.736731015299724,4249.739043517549,5.304837657005676,25.464929624801183,68.81407822788131,3.3440736215297617,509,1,0,0,13,0,200.2634003104784,0.005084203988893917,1.0966283917283204,Burning
Chennai,13.0067,80.2575,2026-03-30 13:34:13.012412+05:30,78.72969612973105,102.16673930082055,19.597438589795324,1.6305400453757217,4250.49842882759,0.0,31.5951493618658,82.84528131221155,4.012603764143868,509,1,0,0,13,0,200.49387402034694,0.0046095368298653214,0.7631306045271595,Vehicular
Chennai,13.0067,80.2575,2026-03-30 13:24:13.012441+05:30,96.34788127811031,21.413306688950268,2.832070149502976,6.268600510660369,4250.176103327971,7.181306667611681,33.92775370647278,68.76037565934848,6.349222175580741,509,1,0,0,13,0,120.59325811656356,0.0006661850934111931,4.298691068445054,Burning
Chennai,13.0067,80.2575,2026-03-30 13:14:13.012471+05:30,99.88671646521641,102.36484404027168,20.553310982289105,3.5527244541558938,4250.394547214962,27.858474351342586,28.17896891746782,79.16842808580299,1.79186790356371,509,1,0,0,13,0,222.8048714877772,0.0048344868381489875,0.9663509619024805,Burning
Chennai,13.0067,80.2575,2026-03-30 13:04:13.012500+05:30,84.31599596914714,28.89552651374772,1.2648082073408276,8.409249667607746,4249.82979289337,16.831518958846644,26.17133153819312,81.42148083821364,1.8283674185758914,509,1,0,0,13,0,114.47633069023567,0.0002975438370774952,2.820354942749501,Natural
Chennai,13.0067,80.2575,2026-03-30 12:54:13.012530+05:30,70.55417764938481,61.68675238927035,0.0,9.630692115551682,4249.386407493333,30.412004142699104,29.087718095513008,79.29044728713599,7.540295955383483,509,1,0,0,12,0,132.24093003865516,0.0,1.1255037940274772,Natural
Chennai,13.0067,80.2575,2026-03-30 12:44:13.012560+05:30,80.80302552475743,50.73623040166207,9.959667413970124,0.0,4249.716720378399,18.076534262970384,27.597339817020114,73.93503704624031,4.4057594008746985,509,1,0,0,12,0,141.49892334038964,0.002343056023051923,1.5618266908398792,Burning
Chennai,13.0067,80.2575,2026-03-30 12:34:13.012589+05:30,90.06605416116619,113.54732277220843,12.600675848780293,12.803776634626526,4249.019600196588,11.804312331061722,26.986623876169496,79.63576250917754,3.6745688584555722,509,1,0,0,12,0,216.21405278215494,0.00296485123226195,0.7862781248958015,Burning
Chennai,13.0067,80.2575,2026-03-30 12:24:13.012618+05:30,79.62066605007354,95.16368428752638,12.723148449596765,11.254814182158281,4250.610610896263,0.0,32.64464098129536,83.65779931148198,7.2044848637016665,509,1,0,0,12,0,187.50749878719668,0.002992547910429327,0.8279702118318414,Natural
Chennai,13.0067,80.2575,2026-03-30 12:14:13.012647+05:30,89.99583448886005,106.08735005279743,23.664479603383,13.637383202523086,4250.773725006162,0.0,31.370896290942213,75.08234884555682,5.776229458048397,509,1,0,0,12,0,219.7476641450405,0.0055657899817678335,0.840396502896834,Natural
Chennai,13.0067,80.2575,2026-03-30 12:04:13.012677+05:30,83.21570455685355,61.54606956638478,15.742094177183196,0.0,4250.17163940758,14.644192056832013,29.17398052610058,85.10518036743493,2.583099449985954,509,1,0,0,12,0,160.50386830042152,0.0037030013164504757,1.3304705656768816,Burning
Chennai,13.0067,80.2575,2026-03-30 11:54:13.012706+05:30,70.74232913243165,61.88267196150613,3.358514690746018,15.360874218144495,4249.782932016934,23.08591939815131,33.22335764135863,66.5793267250597,7.042454935826306,509,1,0,0,11,0,135.9835157846838,0.0007900932003489655,1.124989236712728,Natural
Chennai,13.0067,80.2575,2026-03-30 11:44:13.012735+05:30,88.65707936776762,47.86303957878565,0.0,0.0,4250.192583319498,2.8985580280542536,28.63452906216533,78.96831126692777,4.685032131195996,509,1,0,0,11,0,136.52011894655328,0.0,1.8143995979787333,Burning
Chennai,13.0067,80.2575,2026-03-30 11:34:13.012765+05:30,72.51991698331206,100.5006456658897,14.699791154690805,9.27985305325316,4250.988833246319,28.670830216998837,27.505275657472588,66.43212311896451,7.041605161484055,509,1,0,0,11,0,187.72035380389258,0.0034571565757071316,0.7144773957598882,Vehicular
Chennai,13.0067,80.2575,2026-03-30 11:24:13.012794+05:30,76.14463663829692,79.66544300972151,14.27118947691489,10.757744176124405,4250.973623077742,21.817913262942426,34.06882927320039,76.68999154613377,5.010115094216818,509,1,0,0,11,0,170.0812691249333,0.0033563682990547,0.9439560956619334,Natural
Chennai,13.0067,80.2575,2026-03-30 11:14:13.012823+05:30,79.59166777178004,34.14793562818847,10.200714854296727,11.65956435040697,4250.976422267262,6.033513300788517,31.95730567542324,78.91444019417563,2.0642228958851625,509,1,0,0,11,0,123.94031825426524,0.0023990525443359457,2.264476315586168,Industrial
Chennai,13.0067,80.2575,2026-03-30 11:04:13.012852+05:30,91.02189186071934,87.01232428115546,21.06087836484651,9.774858329855178,4249.895917537926,0.0,33.20536515351786,80.32026230178066,6.707006254171692,509,1,0,0,11,0,199.0950945067213,0.004954456371880483,1.0341948426444212,Burning
Chennai,13.0067,80.2575,2026-03-30 10:54:13.012881+05:30,97.9786618925024,44.87216391019478,2.3729487611353814,4.652624762474175,4250.115502801462,23.621370803696074,28.016957063070475,80.48868720386216,6.384259163786592,509,1,0,0,10,0,145.22377456383256,0.0005581943749991317,2.1359066924402774,Natural
Chennai,13.0067,80.2575,2026-03-30 10:44:13.012911+05:30,72.44321449006429,85.1146570710869,24.69868411297589,9.832979386250667,4249.07964546627,0.0,26.231695246612976,69.88087946173954,4.925656028530005,509,1,0,0,10,0,182.25655567412707,0.005811346180141109,0.8412413978524359,Vehicular
Chennai,13.0067,80.2575,2026-03-30 10:34:13.012940+05:30,82.34206514061503,92.66029056561771,0.9777256244716153,4.4930821237292795,4249.218116252684,18.54744890454853,34.02777556867874,76.91345144332739,5.812880804775117,509,1,0,0,10,0,175.98008133070437,0.000230041282053932,0.8791566270331692,Burning
Chennai,13.0067,80.2575,2026-03-30 10:24:13.012969+05:30,86.26958722491344,106.1976294087706,0.0,15.029034145060198,4249.087753071404,14.604318067272631,33.013629993070445,73.18049127766504,2.045764760709026,509,1,0,0,10,0,192.46721663368402,0.0,0.8047714086656389,Burning
Chennai,13.0067,80.2575,2026-03-30 10:14:13.012999+05:30,85.54066416058058,102.11243626837233,0.0,12.572825428887953,4249.085743410138,0.0,25.92413000547281,84.14187269102965,7.459178821672296,509,1,0,0,10,0,187.6531004289529,0.0,0.829586296825948,Natural
Chennai,13.0067,80.2575,2026-03-30 10:04:13.013028+05:30,71.94217255928166,95.35725323391283,0.0,6.215589308306671,4250.974793940973,13.411606117345846,26.529645221134466,83.72290717896055,4.284593576425928,509,1,0,0,10,0,167.29942579319447,0.0,0.7466191713107249,Natural
Chennai,13.0067,80.2575,2026-03-30 09:54:13.013057+05:30,82.8435702461032,106.55750352955074,10.931110881308618,15.327009803275569,4249.524602887444,11.717939406090613,28.14909309296906,80.96308466435481,4.943429230812277,509,1,0,0,9,0,200.33218465696257,0.002571708648359064,0.770225856193682,Burning
Chennai,13.0067,80.2575,2026-03-30 09:44:13.013086+05:30,81.07739109140304,100.27455717028693,17.54885685512044,3.9613251995958985,4250.607662693069,0.0,29.405269729548902,71.40036259062788,7.590404454935181,509,1,0,0,9,0,198.90080511681043,0.00412758143445545,0.8005701862026058,Natural
Chennai,13.0067,80.2575,2026-03-30 09:34:13.013116+05:30,90.82485480290961,98.58811392657404,12.82613550268844,1.5313040261030908,4249.930673256659,12.7472735494145,26.90321584742961,82.88869851946377,2.8797378591465463,509,1,0,0,9,0,202.23910423217208,0.0030172535118909087,0.9120049694873673,Burning
Chennai,13.0067,80.2575,2026-03-30 09:24:13.013145+05:30,71.64634055223344,117.16553813898727,8.251745986707215,0.0,4249.591880908714,25.82511595463268,28.687647176244063,68.02645914148253,3.0817358361098384,509,1,0,0,9,0,197.06362467792795,0.0019413169313594776,0.6063217895894693,Vehicular
Chennai,13.0067,80.2575,2026-03-30 09:14:13.013174+05:30,70.32865633256276,108.98619272338992,0.0,11.692780674566922,4249.305537579051,13.864679513776801,30.122295461528513,72.29543731027606,5.7832910106312605,509,1,0,0,9,0,179.31484905595266,0.0,0.6394316831153162,Industrial
Chennai,13.0067,80.2575,2026-03-30 09:04:13.013203+05:30,89.2913189048085,77.17242733533126,23.70646420654124,10.277956112062263,4250.870789023196,13.138998621354604,28.293437503695248,69.25186861514912,2.381350208764926,509,1,0,0,9,0,190.17021044668098,0.005575537306482318,1.1422354652207645,Burning
Chennai,13.0067,80.2575,2026-03-30 08:54:13.013233+05:30,89.14732564574588,93.13707111576271,16.15941837207511,0.0,4250.103250885657,25.611650387923824,31.15618579318522,80.92467211590755,5.682548577097152,509,1,0,0,8,0,198.4438151335837,0.003801229332340616,0.9469948936069955,Burning
Chennai,13.0067,80.2575,2026-03-30 08:44:13.013262+05:30,75.31051669532842,77.13982434812326,22.84897433784588,4.837196265385653,4249.913186561575,4.407410996312757,32.14106308325568,83.57222797131476,5.281572986194871,509,1,0,0,8,0,175.29931538129753,0.005375074327577053,0.963791732622921,Vehicular
Chennai,13.0067,80.2575,2026-03-30 08:34:13.013291+05:30,84.98564203826604,54.58498865951811,19.75577130569895,12.670548253689176,4249.601869003836,7.530869426808485,29.697363579739566,76.1625173716487,3.929095603125151,509,1,0,0,8,0,159.32640200348308,0.004647758579734704,1.5289315350739663,Burning
Chennai,13.0067,80.2575,2026-03-30 08:24:13.013321+05:30,70.35419529970419,44.55915937818652,12.916276977634757,2.865278550253035,4249.339117075017,20.584109107577696,34.49532206839993,81.84258938646562,7.4036521874494925,509,1,0,0,8,0,127.82963165552546,0.0030388815155350316,1.5442382225645146,Vehicular
Chennai,13.0067,80.2575,2026-03-30 08:14:13.013350+05:30,88.40106017664273,116.81975705499535,7.917045139510149,0.0,4250.293003713734,0.0,27.66030847431665,84.6428880488017,3.538211318153067,509,1,0,0,8,0,213.13786237114823,0.0018622675813203613,0.7503076087262622,Burning
Chennai,13.0067,80.2575,2026-03-30 08:04:13.013379+05:30,91.6457657812901,46.16129939986365,17.17187147037574,9.592457188572798,4250.5722977450005,22.35810168275985,34.05174648416648,81.74368434935914,3.771866061859493,509,1,0,0,8,0,154.9789366515295,0.00403894612811443,1.9432408976745676,Natural
Chennai,13.0067,80.2575,2026-03-30 07:54:13.013409+05:30,79.68673245484534,58.45959582509371,23.61082257723271,9.249895382419624,4249.357847976283,13.507427791038277,32.30173321655711,69.2012554120605,4.831060655865017,509,1,0,0,7,0,161.75715085717175,0.005555019935197809,1.340182881317454,Natural
Chennai,13.0067,80.2575,2026-03-30 07:44:13.013438+05:30,71.7803942770392,110.16183598565483,2.910235339733278,13.637001572914162,4249.64676271889,15.651224042042218,31.759855920917104,70.67197937879375,4.715559455496448,509,1,0,0,7,0,184.85246560242732,0.0006846570656630547,0.6457287579012485,Industrial
Chennai,13.0067,80.2575,2026-03-30 07:34:13.013469+05:30,100.01667656877893,61.3783918828072,9.419807794513403,3.0222100858216843,4249.663146058162,0.0,28.426930823674528,76.88857178841667,5.095919835142451,509,1,0,0,7,0,170.81487624609952,0.00221607957884144,1.6033865822749054,Burning
Chennai,13.0067,80.2575,2026-03-30 07:24:13.013499+05:30,96.4056586442133,77.3249949835885,0.0,0.0,4249.939385693481,11.139941143608569,31.00054003529322,67.53488360596143,3.0693364352725405,509,1,0,0,7,0,173.73065362780181,0.0,1.2308415552967895,Burning
Chennai,13.0067,80.2575,2026-03-30 07:14:13.013529+05:30,83.62735276192494,99.7929865397469,12.42541882727417,9.560283953762546,4250.157431059873,7.4827952958862465,26.00684647355244,85.5330718444534,2.331967519017809,509,1,0,0,7,0,195.84575812894602,0.0029228319648882868,0.8296941645731191,Natural
Chennai,13.0067,80.2575,2026-03-30 07:04:13.013558+05:30,77.53179026649228,29.881584695706337,12.07064616689407,0.0,4249.155895266812,6.208787141792852,29.460639399407864,77.22686041492517,1.8305236317093083,509,1,0,0,7,0,119.48402112909268,0.0028400478627940567,2.510615664010015,Vehicular
Chennai,13.0067,80.2575,2026-03-30 06:54:13.013589+05:30,82.48002517532085,74.1666421932519,14.104243759712356,11.254714506172299,4250.655419462353,0.0,28.014134696111338,69.66004177056566,5.08789232464647,509,1,0,0,6,0,170.7509111282851,0.0033173534466478284,1.0972955924154013,Burning
Chennai,13.0067,80.2575,2026-03-30 06:44:13.013618+05:30,74.30379663567861,70.20682582650889,0.29254635335640167,6.527642939493224,4250.200822322482,1.4912755686294243,25.862510355964123,70.66001025148147,1.82748450991174,509,1,0,0,6,0,144.8031688155439,6.881499265343576e-05,1.0434926114627732,Natural
Chennai,13.0067,80.2575,2026-03-30 06:34:13.013648+05:30,84.70789443528363,56.38763448714294,0.2213703748152014,0.0,4249.087016358635,8.302619981284101,27.11918824592328,81.39970430578859,2.3712077513784307,509,1,0,0,6,0,141.31689929724178,5.208608058214907e-05,1.4760652742057436,Burning
Chennai,13.0067,80.2575,2026-03-30 06:24:13.013678+05:30,75.2725753329443,66.62692569683584,22.884606627379696,8.366682348721532,4249.523270134289,8.215087069403259,31.689988877647217,79.31304717470756,2.695703587445747,509,1,0,0,6,0,164.78410765715984,0.005383950439273019,1.113056294624172,Natural
Chennai,13.0067,80.2575,2026-03-30 06:14:13.013708+05:30,90.38827753968997,118.26577525677594,0.0,7.081747902551119,4249.945470319641,9.455341631538497,29.661076134758744,73.92848632854141,5.127278735353113,509,1,0,0,6,0,208.65405279646592,0.0,0.7578727203599397,Burning
Chennai,13.0067,80.2575,2026-03-30 06:04:13.013738+05:30,71.22516970511793,83.4491166783706,22.544864061161896,0.0,4250.152642636691,16.454132107632823,28.779465486791615,83.69645251513002,6.598901984446813,509,1,0,0,6,0,177.21915044465044,0.005303235606044694,0.8434092919690701,Vehicular
Chennai,13.0067,80.2575,2026-03-30 05:54:13.013768+05:30,74.19109583663182,39.99837764179911,2.606951299096937,6.416589424632245,4249.692807187268,23.46732384532595,29.332392865364213,84.44199498544685,5.428987447048698,509,1,0,0,5,0,116.79642477752786,0.0006133003294637013,1.8096105286125201,Vehicular
